"maHang","tenHang","loaiHang","loaiVang","nhomHang","trangThai","tlTong","tlHot","tlVang","ni","congBan","congVon","giaBanMon","giaVon","cuaHang","quayLon","quayNho","ngayNhap"
"I6600001","Vỉ  0.5c","TTM","Bạc",,"Còn tồn","0.5","0","0.5","0","109","50","0","191","Phần Mềm Vàng","2HOANGKIM2","2BAC","46032.4520527431"
"I6600002","Vỉ  0.5c","TTM","Bạc",,"Còn tồn","0.5","0","0.5","0","109","50","0","191","Phần Mềm Vàng","2HOANGKIM2","2BAC","46032.452046331"
"I6600003","Vỉ  0.5c","TTM","Bạc",,"Còn tồn","0.5","0","0.5","0","109","50","0","191","Phần Mềm Vàng","2HOANGKIM2","2BAC","46032.4520414699"
"I6600004","Vỉ  0.5c","TTM","Bạc",,"Còn tồn","0.5","0","0.5","0","109","50","0","191","Phần Mềm Vàng","2HOANGKIM2","2BAC","46032.4520377315"
"I6600010","Vỉ  0.5c","TTM","Bạc",,"Còn tồn","0.5","0","0.5","0","109","50","0","191","Phần Mềm Vàng","2HOANGKIM2","2BAC","46032.4520635069"
"I6600015","Vỉ  0.5c","TTM","Bạc",,"Còn tồn","0.5","0","0.5","0","109","50","0","191","Phần Mềm Vàng","2HOANGKIM2","2BAC","46032.4520424768"
"I6600016","Vỉ  0.5c","TTM","Bạc",,"Còn tồn","0.5","0","0.5","0","109","50","0","191","Phần Mềm Vàng","2HOANGKIM2","2BAC","46032.4520612269"
"I6600018","Vỉ  1c","TTM","Bạc",,"Còn tồn","1","0","1","0","109","50","0","332","Phần Mềm Vàng","2HOANGKIM2","2BAC","46032.4520443287"
"I6600019","Vỉ  1c","TTM","Bạc",,"Còn tồn","1","0","1","0","109","50","0","332","Phần Mềm Vàng","2HOANGKIM2","2BAC","46032.4520508449"
"I6600020","Vỉ  1c","TTM","Bạc",,"Còn tồn","1","0","1","0","109","50","0","332","Phần Mềm Vàng","2HOANGKIM2","2BAC","46032.452062581"
"I6600022","Vỉ  1c","TTM","Bạc",,"Còn tồn","1","0","1","0","109","50","0","332","Phần Mềm Vàng","2HOANGKIM2","2BAC","46032.4520546644"
"I6600024","Vỉ  1c","TTM","Bạc",,"Còn tồn","1","0","1","0","109","50","0","332","Phần Mềm Vàng","2HOANGKIM2","2BAC","46032.4520356482"
"I6600029","Dây Bạc ta","TTM","Bạc",,"Còn tồn","4.28","0","4.28","0","120","10","0","1208.4","Phần Mềm Vàng","2HOANGKIM2","2BAC","46032.5299850694"
"I6600031","Dây Bạc ta","TTM","Bạc",,"Còn tồn","0.914","0","0.914","0","150","27","0","282.92","Phần Mềm Vàng","2HOANGKIM2","2BAC","46032.5299827546"
"I6600032","Dây Bạc ta","TTM","Bạc",,"Còn tồn","0.902","0","0.902","0","150","27","0","279.56","Phần Mềm Vàng","2HOANGKIM2","2BAC","46032.5299879282"
"I6600033","Dây Bạc ta","TTM","Bạc",,"Còn tồn","0.978","0","0.978","0","150","27","0","300.84","Phần Mềm Vàng","2HOANGKIM2","2BAC","46032.5299730324"
"I6600034","Lắcđá","TTM","Bạc Ý",,"Còn tồn","0","0","0","0","0","0","659","459","Phần Mềm Vàng","2HOANGKIM2","2BAC","46032.5692633449"
"I6600035","Lắcđá","TTM","Bạc Ý",,"Còn tồn","0","0","0","0","0","0","696","496","Phần Mềm Vàng","2HOANGKIM2","2BAC","46032.569265162"
"I6600036","Lắcđá","TTM","Bạc Ý",,"Còn tồn","0","0","0","0","0","0","599","399","Phần Mềm Vàng","2HOANGKIM2","2BAC","46032.5692628125"
"I6600037","Dây Bạc","TTM","Bạc Ý",,"Còn tồn","0","0","0","0","0","0","350","299","Phần Mềm Vàng","2HOANGKIM2","2BAC","46045.5958575579"
"I6600038","Dây Bạc","TTM","Bạc Ý",,"Còn tồn","0","0","0","0","0","0","350","299","Phần Mềm Vàng","2HOANGKIM2","2BAC","46045.5958548264"
"I6600039","Dây Bạc","TTM","Bạc Ý",,"Còn tồn","0","0","0","0","0","0","499","375","Phần Mềm Vàng","2HOANGKIM2","2BAC","46045.5958632755"
"I6600040","Dây Bạc","TTM","Bạc Ý",,"Còn tồn","0","0","0","0","0","0","499","375","Phần Mềm Vàng","2HOANGKIM2","2BAC","46045.5958500347"
"I6600041","Dây Bạc","TTM","Bạc Ý",,"Còn tồn","0","0","0","0","0","0","410","310","Phần Mềm Vàng","2HOANGKIM2","2BAC","46045.5958672107"
"I6600043","Dây Bạc","TTM","Bạc Ý",,"Còn tồn","0","0","0","0","0","0","499","375","Phần Mềm Vàng","2HOANGKIM2","2BAC","46045.5958663542"
"I6600044","Dây Bạc","TTM","Bạc Ý",,"Còn tồn","0","0","0","0","0","0","380","280","Phần Mềm Vàng","2HOANGKIM2","2BAC","46045.595856713"
"I6600045","Dây Bạc","TTM","Bạc Ý",,"Còn tồn","0","0","0","0","0","0","499","375","Phần Mềm Vàng","2HOANGKIM2","2BAC","46045.5958540162"
"I6600047","Dây Bạc","TTM","Bạc Ý",,"Còn tồn","0","0","0","0","0","0","449","349","Phần Mềm Vàng","2HOANGKIM2","2BAC","46045.595859294"
"I6600048","Dây Bạc","TTM","Bạc Ý",,"Còn tồn","0","0","0","0","0","0","399","299","Phần Mềm Vàng","2HOANGKIM2","2BAC","46045.5958523148"
"I6600049","Dây Bạc","TTM","Bạc Ý",,"Còn tồn","0","0","0","0","0","0","350","299","Phần Mềm Vàng","2HOANGKIM2","2BAC","46045.5958527778"
"I6600050","Dây Bạc","TTM","Bạc Ý",,"Còn tồn","0","0","0","0","0","0","350","299","Phần Mềm Vàng","2HOANGKIM2","2BAC","46045.5958599884"
"I6600051","Dây Bạc","TTM","Bạc Ý",,"Còn tồn","0","0","0","0","0","0","450","349","Phần Mềm Vàng","2HOANGKIM2","2BAC","46045.595862419"
"I6600052","Dây Bạc","TTM","Bạc Ý",,"Còn tồn","0","0","0","0","0","0","475","375","Phần Mềm Vàng","2HOANGKIM2","2BAC","46045.5958543981"
"I6600053","Dây Bạc","TTM","Bạc Ý",,"Còn tồn","0","0","0","0","0","0","350","299","Phần Mềm Vàng","2HOANGKIM2","2BAC","46045.5958579861"
"I6600054","Dây Bạc","TTM","Bạc Ý",,"Còn tồn","0","0","0","0","0","0","450","219","Phần Mềm Vàng","2HOANGKIM2","2BAC","46045.5958667824"
"I6600055","Dây Bạc","TTM","Bạc Ý",,"Còn tồn","0","0","0","0","0","0","450","250","Phần Mềm Vàng","2HOANGKIM2","2BAC","46045.5958676273"
"I6600056","Dây Bạc","TTM","Bạc Ý",,"Còn tồn","0","0","0","0","0","0","350","200","Phần Mềm Vàng","2HOANGKIM2","2BAC","46045.5958571412"
"I6600057","Dây Bạc","TTM","Bạc Ý",,"Còn tồn","0","0","0","0","0","0","460","219","Phần Mềm Vàng","2HOANGKIM2","2BAC","46045.5958650463"
"I6600058","Dây Bạc","TTM","Bạc Ý",,"Còn tồn","0","0","0","0","0","0","460","219","Phần Mềm Vàng","2HOANGKIM2","2BAC","46045.5958660069"
"I6600059","Dây Bạc","TTM","Bạc Ý",,"Còn tồn","0","0","0","0","0","0","490","269","Phần Mềm Vàng","2HOANGKIM2","2BAC","46045.5958506944"
"I6600060","Dây Bạc","TTM","Bạc Ý",,"Còn tồn","0","0","0","0","0","0","260","100","Phần Mềm Vàng","2HOANGKIM2","2BAC","46045.5958636921"
"I6600061","Dây Bạc","TTM","Bạc",,"Còn tồn","1.365","0","1.365","0","140","0","0","259.35","Phần Mềm Vàng","2HOANGKIM2","2BAC","46045.5958607639"
"I6600062","Dây Bạc","TTM","Bạc Ý",,"Còn tồn","0","0","0","0","0","0","350","129","Phần Mềm Vàng","2HOANGKIM2","2BAC","46045.5958584491"
"I6600063","Dây Bạc","TTM","Bạc Ý",,"Còn tồn","0","0","0","0","0","0","490","250","Phần Mềm Vàng","2HOANGKIM2","2BAC","46045.595855787"
"I6600064","Dây Bạc","TTM","Bạc Ý",,"Còn tồn","0","0","0","0","0","0","390","190","Phần Mềm Vàng","2HOANGKIM2","2BAC","46045.5958531597"
"I6600065","Dây Bạc","TTM","Bạc Ý",,"Còn tồn","0","0","0","0","0","0","560","349","Phần Mềm Vàng","2HOANGKIM2","2BAC","46045.5958654282"
"I6600066","Dây Bạc","TTM","Bạc Ý",,"Còn tồn","0","0","0","0","0","0","350","150","Phần Mềm Vàng","2HOANGKIM2","2BAC","46045.5958612269"
"I6600067","Dây Bạc","TTM","Bạc Ý",,"Còn tồn","0","0","0","0","0","0","350","150","Phần Mềm Vàng","2HOANGKIM2","2BAC","46045.5958641204"
"I6600068","Dây Bạc","TTM","Bạc Ý",,"Còn tồn","0","0","0","0","0","0","280","150","Phần Mềm Vàng","2HOANGKIM2","2BAC","46045.5958588773"
"I6600069","Dây Bạc","TTM","Bạc",,"Còn tồn","0.565","0","0.565","0","180","0","0","101.7","Phần Mềm Vàng","2HOANGKIM2","2BAC","46045.5958616088"
"I6600070","Dây Bạc","TTM","Bạc Ý",,"Còn tồn","0","0","0","0","0","0","420","160","Phần Mềm Vàng","2HOANGKIM2","2BAC","46045.5958514699"
"I6600071","Dây Bạc","TTM","Bạc Ý",,"Còn tồn","0","0","0","0","0","0","380","190","Phần Mềm Vàng","2HOANGKIM2","2BAC","46045.5958645023"
"I6600072","Dây Bạc","TTM","Bạc Ý",,"Còn tồn","0","0","0","0","0","0","380","190","Phần Mềm Vàng","2HOANGKIM2","2BAC","46045.5958510764"
"I6600073","Dây Bạc","TTM","Bạc Ý",,"Còn tồn","0","0","0","0","0","0","380","190","Phần Mềm Vàng","2HOANGKIM2","2BAC","46045.595853588"
"I6600074","Dây Bạc","TTM","Bạc Ý",,"Còn tồn","0","0","0","0","0","0","390","160","Phần Mềm Vàng","2HOANGKIM2","2BAC","46045.59585625"
"I6600075","Dây Bạc","TTM","Bạc Ý",,"Còn tồn","0","0","0","0","0","0","380","190","Phần Mềm Vàng","2HOANGKIM2","2BAC","46045.5958552894"
"I6600076","Dây Bạc","TTM","Bạc Ý",,"Còn tồn","0","0","0","0","0","0","499","269","Phần Mềm Vàng","2HOANGKIM2","2BAC","46045.5958628472"
"I6600077","Dây Bạc","TTM","Bạc Ý",,"Còn tồn","0","0","0","0","0","0","405","160","Phần Mềm Vàng","2HOANGKIM2","2BAC","46045.5958603819"
"I6600078","Vỉ 0.5c","TTM","Bạc",,"Còn tồn","0.5","0","0.5","0","109","50","0","210","Phần Mềm Vàng","2HOANGKIM2","2BAC","46075.4399074074"
"I6600079","Vỉ 0.5c","TTM","Bạc",,"Còn tồn","0.5","0","0.5","0","109","50","0","210","Phần Mềm Vàng","2HOANGKIM2","2BAC","46075.4399550116"
"I6600080","Vỉ 0.5c","TTM","Bạc",,"Còn tồn","0.5","0","0.5","0","109","50","0","210","Phần Mềm Vàng","2HOANGKIM2","2BAC","46075.4399287847"
"I6600081","Vỉ 0.5c","TTM","Bạc",,"Còn tồn","0.5","0","0.5","0","109","50","0","210","Phần Mềm Vàng","2HOANGKIM2","2BAC","46075.4399018171"
"I6600082","Vỉ 0.5c","TTM","Bạc",,"Còn tồn","0.5","0","0.5","0","109","50","0","210","Phần Mềm Vàng","2HOANGKIM2","2BAC","46075.4398996875"
"I6600083","Vỉ 0.5c","TTM","Bạc",,"Còn tồn","0.5","0","0.5","0","109","50","0","210","Phần Mềm Vàng","2HOANGKIM2","2BAC","46075.4399254282"
"I6600084","Vỉ 0.5c","TTM","Bạc",,"Còn tồn","0.5","0","0.5","0","109","50","0","210","Phần Mềm Vàng","2HOANGKIM2","2BAC","46075.4399270486"
"I6600085","Vỉ 0.5c","TTM","Bạc",,"Còn tồn","0.5","0","0.5","0","109","50","0","210","Phần Mềm Vàng","2HOANGKIM2","2BAC","46075.4399319792"
"I6600086","Vỉ 0.5c","TTM","Bạc",,"Còn tồn","0.5","0","0.5","0","109","50","0","210","Phần Mềm Vàng","2HOANGKIM2","2BAC","46075.439921875"
"I6600087","Vỉ 0.5c","TTM","Bạc",,"Còn tồn","0.5","0","0.5","0","109","50","0","210","Phần Mềm Vàng","2HOANGKIM2","2BAC","46075.4399248495"
"I6600088","Vỉ 0.5c","TTM","Bạc",,"Còn tồn","0.5","0","0.5","0","109","50","0","210","Phần Mềm Vàng","2HOANGKIM2","2BAC","46075.4399451389"
"I6600089","Vỉ 0.5c","TTM","Bạc",,"Còn tồn","0.5","0","0.5","0","109","50","0","210","Phần Mềm Vàng","2HOANGKIM2","2BAC","46075.4399174421"
"I6600090","Vỉ 0.5c","TTM","Bạc",,"Còn tồn","0.5","0","0.5","0","109","50","0","210","Phần Mềm Vàng","2HOANGKIM2","2BAC","46075.4399027778"
"I6600091","Vỉ 0.5c","TTM","Bạc",,"Còn tồn","0.5","0","0.5","0","109","50","0","210","Phần Mềm Vàng","2HOANGKIM2","2BAC","46075.4399045139"
"I6600092","Vỉ 0.5c","TTM","Bạc",,"Còn tồn","0.5","0","0.5","0","109","50","0","210","Phần Mềm Vàng","2HOANGKIM2","2BAC","46075.4399538194"
"I6600093","Vỉ 0.5c","TTM","Bạc",,"Còn tồn","0.5","0","0.5","0","109","50","0","210","Phần Mềm Vàng","2HOANGKIM2","2BAC","46075.43995625"
"I6600095","Vỉ 0.5c","TTM","Bạc",,"Còn tồn","0.5","0","0.5","0","109","50","0","210","Phần Mềm Vàng","2HOANGKIM2","2BAC","46075.439943206"
"I6600096","Vỉ 0.5c","TTM","Bạc",,"Còn tồn","0.5","0","0.5","0","109","50","0","210","Phần Mềm Vàng","2HOANGKIM2","2BAC","46075.4399457986"
"I6600097","Vỉ 0.5c","TTM","Bạc",,"Còn tồn","0.5","0","0.5","0","109","50","0","210","Phần Mềm Vàng","2HOANGKIM2","2BAC","46075.4398984954"
"I6600101","Vỉ 1C","TTM","Bạc",,"Còn tồn","1","0","1","0","109","50","0","370","Phần Mềm Vàng","2HOANGKIM2","2BAC","46075.4399050926"
"I6600102","Vỉ 1C","TTM","Bạc",,"Còn tồn","1","0","1","0","109","50","0","370","Phần Mềm Vàng","2HOANGKIM2","2BAC","46075.439912419"
"I6600103","Vỉ 1C","TTM","Bạc",,"Còn tồn","1","0","1","0","109","50","0","370","Phần Mềm Vàng","2HOANGKIM2","2BAC","46075.4399555208"
"I6600108","Lắc TrƠN","TTM","Bạc",,"Còn tồn","7.124","0","7.124","0","250","120","0","1986.488","Phần Mềm Vàng","2HOANGKIM2","2BAC","46113.8155457176"
"I6600109","Lắc TrƠN","TTM","Bạc",,"Còn tồn","5.634","0","5.634","0","250","120","0","1596.108","Phần Mềm Vàng","2HOANGKIM2","2BAC","46113.8155510417"
"I6600110","Lắc TrƠN","TTM","Bạc",,"Còn tồn","6.826","0","6.826","0","250","120","0","1908.412","Phần Mềm Vàng","2HOANGKIM2","2BAC","46113.8155530093"
"I6600111","Lắc TrƠN","TTM","Bạc",,"Còn tồn","5.528","0","5.528","0","250","120","0","1568.336","Phần Mềm Vàng","2HOANGKIM2","2BAC","46113.8155523495"
"I6600112","Bong","TTM","Bạc Ý",,"Còn tồn","0","0","0","0","0","0","260","80","Phần Mềm Vàng","2HOANGKIM2","2BAC","46133.5344833333"
"I6600113","Bong","TTM","Bạc Ý",,"Còn tồn","0","0","0","0","0","0","260","80","Phần Mềm Vàng","2HOANGKIM2","2BAC","46133.5344772801"
"I6600114","Bong","TTM","Bạc Ý",,"Còn tồn","0","0","0","0","0","0","260","80","Phần Mềm Vàng","2HOANGKIM2","2BAC","46133.5344866898"
"I6600115","Bong","TTM","Bạc Ý",,"Còn tồn","0","0","0","0","0","0","260","80","Phần Mềm Vàng","2HOANGKIM2","2BAC","46133.5344855671"
"I6600117","Bong","TTM","Bạc Ý",,"Còn tồn","0","0","0","0","0","0","260","80","Phần Mềm Vàng","2HOANGKIM2","2BAC","46133.5344895486"
"I6600118",,"TTM","Bạc Ý",,"Còn tồn","0","0","0","0","0","0","290","120","Phần Mềm Vàng","2HOANGKIM2","2BAC","46133.5344722569"
"I6600119",,"TTM","Bạc Ý",,"Còn tồn","0","0","0","0","0","0","290","120","Phần Mềm Vàng","2HOANGKIM2","2BAC","46133.5344986111"
"I6600120",,"TTM","Bạc Ý",,"Còn tồn","0","0","0","0","0","0","290","120","Phần Mềm Vàng","2HOANGKIM2","2BAC","46133.5344726852"
"I6600121",,"TTM","Bạc Ý",,"Còn tồn","0","0","0","0","0","0","290","120","Phần Mềm Vàng","2HOANGKIM2","2BAC","46133.5344741898"
"I6600122",,"TTM","Bạc Ý",,"Còn tồn","0","0","0","0","0","0","290","140","Phần Mềm Vàng","2HOANGKIM2","2BAC","46133.534475"
"I6600123",,"TTM","Bạc Ý",,"Còn tồn","0","0","0","0","0","0","290","140","Phần Mềm Vàng","2HOANGKIM2","2BAC","46133.5344886574"
"I6600124",,"TTM","Bạc Ý",,"Còn tồn","0","0","0","0","0","0","245","105","Phần Mềm Vàng","2HOANGKIM2","2BAC","46133.5344989583"
"I6600125",,"TTM","Bạc Ý",,"Còn tồn","0","0","0","0","0","0","245","105","Phần Mềm Vàng","2HOANGKIM2","2BAC","46133.5344790509"
"I6600126",,"TTM","Bạc Ý",,"Còn tồn","0","0","0","0","0","0","245","105","Phần Mềm Vàng","2HOANGKIM2","2BAC","46133.5344903588"
"I6600127","bông","TTM","Bạc Ý",,"Còn tồn","0","0","0","0","0","0","300","150","Phần Mềm Vàng","2HOANGKIM2","2BAC","46133.534500081"
"I6600128","Lắc","TTM","Bạc Ý",,"Còn tồn","0","0","0","0","0","0","370","270","Phần Mềm Vàng","2HOANGKIM2","2BAC","46133.5344825579"
"I6600129","Lắc","TTM","Bạc Ý",,"Còn tồn","0","0","0","0","0","0","350","200","Phần Mềm Vàng","2HOANGKIM2","2BAC","46133.5344738426"
"I6600130","Lắc","TTM","Bạc Ý",,"Còn tồn","0","0","0","0","0","0","280","130","Phần Mềm Vàng","2HOANGKIM2","2BAC","46133.5344765046"
"I6600131","Lắc","TTM","Bạc Ý",,"Còn tồn","0","0","0","0","0","0","280","130","Phần Mềm Vàng","2HOANGKIM2","2BAC","46133.5344982292"
"I6600132","Lắc","TTM","Bạc Ý",,"Còn tồn","0","0","0","0","0","0","430","280","Phần Mềm Vàng","2HOANGKIM2","2BAC","46133.5344971065"
"I6600133","Lắc","TTM","Bạc Ý",,"Còn tồn","0","0","0","0","0","0","380","230","Phần Mềm Vàng","2HOANGKIM2","2BAC","46133.5344859606"
"I6600135","Lắc","TTM","Bạc Ý",,"Còn tồn","0","0","0","0","0","0","350","190","Phần Mềm Vàng","2HOANGKIM2","2BAC","46133.5344937847"
"I6600136","Lắc","TTM","Bạc Ý",,"Còn tồn","0","0","0","0","0","0","350","190","Phần Mềm Vàng","2HOANGKIM2","2BAC","46133.5344768866"
"I6600137","Lắc","TTM","Bạc Ý",,"Còn tồn","0","0","0","0","0","0","350","190","Phần Mềm Vàng","2HOANGKIM2","2BAC","46133.5344863079"
"I6600138","Lắc","TTM","Bạc Ý",,"Còn tồn","0","0","0","0","0","0","350","190","Phần Mềm Vàng","2HOANGKIM2","2BAC","46133.5345004282"
"I6600139","Lắc","TTM","Bạc",,"Còn tồn","3.36","0","3.36","0","160","60","0","967.2","Phần Mềm Vàng","2HOANGKIM2","2BAC","46133.534484456"
"I6600142","Lắc","TTM","Bạc",,"Còn tồn","3.366","0","3.366","0","160","60","0","968.82","Phần Mềm Vàng","2HOANGKIM2","2BAC","46133.5344760764"
"I6600144","Lắc","TTM","Bạc",,"Còn tồn","3.126","0","3.126","0","160","60","0","904.02","Phần Mềm Vàng","2HOANGKIM2","2BAC","46133.5344967245"
"I6600145","Lắc","TTM","Bạc",,"Còn tồn","3.628","0","3.628","0","160","60","0","1039.56","Phần Mềm Vàng","2HOANGKIM2","2BAC","46133.53448125"
"I6600153","Day","TTM","Bạc",,"Còn tồn","2.914","0","2.914","0","150","25","0","797.21","Phần Mềm Vàng","2HOANGKIM2","2BAC","46133.5344945255"
"I6600154","Lắc","TTM","Bạc Ý",,"Còn tồn","0","0","0","0","0","0","460","310","Phần Mềm Vàng","2HOANGKIM2","2BAC","46137.5736880787"
"I6600155","Lắc","TTM","Bạc Ý",,"Còn tồn","0","0","0","0","0","0","460","310","Phần Mềm Vàng","2HOANGKIM2","2BAC","46137.5736826736"
"I6600157","Lắc","TTM","Bạc Ý",,"Còn tồn","0","0","0","0","0","0","460","295","Phần Mềm Vàng","2HOANGKIM2","2BAC","46137.5736894676"
"I6600158","Lắc","TTM","Bạc Ý",,"Còn tồn","0","0","0","0","0","0","460","325","Phần Mềm Vàng","2HOANGKIM2","2BAC","46137.5736868056"
"I6600159","Lắc","TTM","Bạc Ý",,"Còn tồn","0","0","0","0","0","0","460","325","Phần Mềm Vàng","2HOANGKIM2","2BAC","46137.5736945949"
"I6600160","Lắc","TTM","Bạc Ý",,"Còn tồn","0","0","0","0","0","0","460","325","Phần Mềm Vàng","2HOANGKIM2","2BAC","46137.5736951042"
"I6600167","Lắc","TTM","Bạc",,"Còn tồn","0.694","0","0.694","0","180","45","0","221.97","Phần Mềm Vàng","2HOANGKIM2","2BAC","46137.5736728009"
"I6600168","Lắc","TTM","Bạc",,"Còn tồn","0.768","0","0.768","0","180","45","0","240.84","Phần Mềm Vàng","2HOANGKIM2","2BAC","46137.5736939815"
"I6600169","Lắc","TTM","Bạc",,"Còn tồn","0.72","0","0.72","0","180","45","0","228.6","Phần Mềm Vàng","2HOANGKIM2","2BAC","46137.5736876968"
"I6600170","Lắc","TTM","Bạc",,"Còn tồn","1.054","0","1.054","0","180","35","0","303.77","Phần Mềm Vàng","2HOANGKIM2","2BAC","46137.5736735301"
"I6600171","Lắc","TTM","Bạc",,"Còn tồn","1.286","0","1.286","0","180","35","0","362.93","Phần Mềm Vàng","2HOANGKIM2","2BAC","46137.5736787847"
"I6600172","Lắc","TTM","Bạc",,"Còn tồn","0.842","0","0.842","0","160","30","0","244.71","Phần Mềm Vàng","2HOANGKIM2","2BAC","46137.5736898148"
"I6600173","Lắc","TTM","Bạc",,"Còn tồn","0.848","0","0.848","0","160","30","0","246.24","Phần Mềm Vàng","2HOANGKIM2","2BAC","46137.5736695949"
"I6600174","Lắc","TTM","Bạc",,"Còn tồn","0.856","0","0.856","0","160","30","0","248.28","Phần Mềm Vàng","2HOANGKIM2","2BAC","46137.5736820602"
"I6600175","Lắc","TTM","Bạc",,"Còn tồn","0.914","0","0.914","0","160","30","0","263.07","Phần Mềm Vàng","2HOANGKIM2","2BAC","46137.5736755787"
"I6600177","Lắc","TTM","Bạc",,"Còn tồn","0.816","0","0.816","0","160","30","0","238.08","Phần Mềm Vàng","2HOANGKIM2","2BAC","46137.5736926273"
"I6600178","Lắc","TTM","Bạc",,"Còn tồn","0.898","0","0.898","0","160","30","0","258.99","Phần Mềm Vàng","2HOANGKIM2","2BAC","46137.5736781597"
"I6600179","Lắc","TTM","Bạc",,"Còn tồn","0.922","0","0.922","0","160","30","0","265.11","Phần Mềm Vàng","2HOANGKIM2","2BAC","46137.5736902778"
"I6600180","Lắc","TTM","Bạc",,"Còn tồn","0.816","0","0.816","0","160","30","0","238.08","Phần Mềm Vàng","2HOANGKIM2","2BAC","46137.5736793171"
"I6600181","Lắc","TTM","Bạc",,"Còn tồn","0.924","0","0.924","0","160","30","0","265.62","Phần Mềm Vàng","2HOANGKIM2","2BAC","46137.5736805556"
"I6600182","Lắc","TTM","Bạc",,"Còn tồn","0.928","0","0.928","0","160","30","0","266.64","Phần Mềm Vàng","2HOANGKIM2","2BAC","46137.5736702546"
"I6600183","Lắc","TTM","Bạc",,"Còn tồn","0.598","0","0.598","0","160","30","0","182.49","Phần Mềm Vàng","2HOANGKIM2","2BAC","46137.5736741898"
"I6600184","Lắc","TTM","Bạc",,"Còn tồn","0.88","0","0.88","0","160","30","0","254.4","Phần Mềm Vàng","2HOANGKIM2","2BAC","46137.5736885417"
"I6600185","Lắc","TTM","Bạc",,"Còn tồn","0.828","0","0.828","0","160","30","0","241.14","Phần Mềm Vàng","2HOANGKIM2","2BAC","46137.5736768171"
"I6600186","Lắc","TTM","Bạc",,"Còn tồn","0.838","0","0.838","0","160","30","0","243.69","Phần Mềm Vàng","2HOANGKIM2","2BAC","46137.5736921296"
"I6600190","Lắc","TTM","Bạc",,"Còn tồn","1.186","0","1.186","0","199","55","0","357.43","Phần Mềm Vàng","2HOANGKIM2","2BAC","46137.5736854977"
"I6600192","Lắc","TTM","Bạc",,"Còn tồn","1.234","0","1.234","0","199","55","0","369.67","Phần Mềm Vàng","2HOANGKIM2","2BAC","46137.5736890046"
"I6600193","Lắc","TTM","Bạc",,"Còn tồn","1.224","0","1.224","0","199","55","0","367.12","Phần Mềm Vàng","2HOANGKIM2","2BAC","46137.5736908565"
"I6600194","Lắc","TTM","Bạc",,"Còn tồn","1.232","0","1.232","0","199","55","0","369.16","Phần Mềm Vàng","2HOANGKIM2","2BAC","46137.573671875"
"I6600195","Lắc","TTM","Bạc",,"Còn tồn","1.248","0","1.248","0","199","55","0","373.24","Phần Mềm Vàng","2HOANGKIM2","2BAC","46137.5736762384"
"I6600196","Lắc","TTM","Bạc",,"Còn tồn","1.212","0","1.212","0","199","55","0","364.06","Phần Mềm Vàng","2HOANGKIM2","2BAC","46137.573684919"
"I6600197","Lắc","TTM","Bạc",,"Còn tồn","1.192","0","1.192","0","199","55","0","358.96","Phần Mềm Vàng","2HOANGKIM2","2BAC","46137.5736832176"
"I6600198","Lắc","TTM","Bạc",,"Còn tồn","1.222","0","1.222","0","199","55","0","366.61","Phần Mềm Vàng","2HOANGKIM2","2BAC","46137.5736912847"
"I6600199","Lắc","TTM","Bạc",,"Còn tồn","1.244","0","1.244","0","199","55","0","372.22","Phần Mềm Vàng","2HOANGKIM2","2BAC","46137.573684375"
"I6600200","Lắc Tay","TTM","Bạc Ý",,"Còn tồn","0","0","0","0","0","0","520","360","Phần Mềm Vàng","2HOANGKIM2","2BAC","46145.8126025463"
"I6600208","Dây Cỏ","TTM","Bạc Ý",,"Còn tồn","0","0","0","0","0","0","360","200","Phần Mềm Vàng","2HOANGKIM2","2BAC","46145.8126173264"
"I6600209","Dây Cỏ","TTM","Bạc Ý",,"Còn tồn","0","0","0","0","0","0","360","200","Phần Mềm Vàng","2HOANGKIM2","2BAC","46145.8126030093"
"I6600212","Dây Cỏ","TTM","Bạc Ý",,"Còn tồn","0","0","0","0","0","0","360","200","Phần Mềm Vàng","2HOANGKIM2","2BAC","46145.8126115741"
"I6600215","Dây Cỏ","TTM","Bạc Ý",,"Còn tồn","0","0","0","0","0","0","360","200","Phần Mềm Vàng","2HOANGKIM2","2BAC","46145.8126100347"
"I6600216","Dây Cỏ","TTM","Bạc Ý",,"Còn tồn","0","0","0","0","0","0","360","200","Phần Mềm Vàng","2HOANGKIM2","2BAC","46145.8126048264"
"I6600218","Dây Cỏ","TTM","Bạc Ý",,"Còn tồn","0","0","0","0","0","0","360","200","Phần Mềm Vàng","2HOANGKIM2","2BAC","46145.8126090278"
"I6600219","Day","TTM","Bạc",,"Còn tồn","0.912","0","0.912","0","150","45","0","273","Phần Mềm Vàng","2HOANGKIM2","2BAC","46145.8126134607"
"I6600220","Day","TTM","Bạc",,"Còn tồn","0.87","0","0.87","0","150","45","0","262.5","Phần Mềm Vàng","2HOANGKIM2","2BAC","46145.8126182523"
"I6600221","Day","TTM","Bạc",,"Còn tồn","0.894","0","0.894","0","150","45","0","268.5","Phần Mềm Vàng","2HOANGKIM2","2BAC","46145.8126191319"
"I6600222","Day","TTM","Bạc",,"Còn tồn","0.87","0","0.87","0","150","45","0","262.5","Phần Mềm Vàng","2HOANGKIM2","2BAC","46145.8126041319"
"I6600223","Day","TTM","Bạc",,"Còn tồn","0.9","0","0.9","0","150","45","0","270","Phần Mềm Vàng","2HOANGKIM2","2BAC","46145.8126201042"
"I6600227","Day","TTM","Bạc",,"Còn tồn","0.598","0","0.598","0","160","60","0","209.5","Phần Mềm Vàng","2HOANGKIM2","2BAC","46145.8126120023"
"I6600228","Day","TTM","Bạc",,"Còn tồn","0.6","0","0.6","0","160","60","0","210","Phần Mềm Vàng","2HOANGKIM2","2BAC","46145.8126138889"
"I6600229","Day","TTM","Bạc",,"Còn tồn","1.006","0","1.006","0","150","25","0","276.5","Phần Mềm Vàng","2HOANGKIM2","2BAC","46145.8126070949"
"I6600230","Day","TTM","Bạc",,"Còn tồn","1.018","0","1.018","0","150","25","0","279.5","Phần Mềm Vàng","2HOANGKIM2","2BAC","46145.8126036227"
"I6600231","Day","TTM","Bạc",,"Còn tồn","1.01","0","1.01","0","150","25","0","277.5","Phần Mềm Vàng","2HOANGKIM2","2BAC","46145.8126177894"
"I6600233","Day","TTM","Bạc",,"Còn tồn","1.006","0","1.006","0","150","25","0","276.5","Phần Mềm Vàng","2HOANGKIM2","2BAC","46145.812612963"
"I6600236","Day","TTM","Bạc",,"Còn tồn","1.002","0","1.002","0","150","25","0","275.5","Phần Mềm Vàng","2HOANGKIM2","2BAC","46145.8126085648"
"I6600238","Day","TTM","Bạc",,"Còn tồn","1.012","0","1.012","0","150","25","0","278","Phần Mềm Vàng","2HOANGKIM2","2BAC","46145.8126196412"
"I6600240","Dây Bạc","TTM","Bạc Ý",,"Còn tồn","0","0","0","0","0","0","538","388","Phần Mềm Vàng","2HOANGKIM2","2BAC","46150.3936521991"
"I6600242","Dây Bạc","TTM","Bạc Ý",,"Còn tồn","0","0","0","0","0","0","538","388","Phần Mềm Vàng","2HOANGKIM2","2BAC","46150.393649537"
"I6600243","Dây Bạc","TTM","Bạc Ý",,"Còn tồn","0","0","0","0","0","0","538","388","Phần Mềm Vàng","2HOANGKIM2","2BAC","46150.3936503125"
"I6600244","Dây Bạc","TTM","Bạc Ý",,"Còn tồn","0","0","0","0","0","0","538","388","Phần Mềm Vàng","2HOANGKIM2","2BAC","46150.3936511574"
"I6600245","Lắc","TTM","Bạc",,"Còn tồn","7.118","0","7.118","0","230","120","0","1899.5","Phần Mềm Vàng","2HOANGKIM2","2BAC","46150.3936491898"
"I6600246","Lắc","TTM","Bạc",,"Còn tồn","7.018","0","7.018","0","230","120","0","1874.5","Phần Mềm Vàng","2HOANGKIM2","2BAC","46150.3936445255"
"I6600247","Lắc","TTM","Bạc",,"Còn tồn","6.48","0","6.48","0","230","120","0","1740","Phần Mềm Vàng","2HOANGKIM2","2BAC","46150.3936516551"
"I6600248","Lắc","TTM","Bạc",,"Còn tồn","6.658","0","6.658","0","230","120","0","1784.5","Phần Mềm Vàng","2HOANGKIM2","2BAC","46150.3936483796"
"I6600249","Lắc","TTM","Bạc",,"Còn tồn","1.559","0","1.559","0","150","22","0","326.005","Phần Mềm Vàng","2HOANGKIM2","2BAC","46215.5137907407"
"I6600250","Lắc","TTM","Bạc",,"Còn tồn","1.545","0","1.545","0","150","22","0","323.275","Phần Mềm Vàng","2HOANGKIM2","2BAC","46215.5137917014"
"I6600253","Lắc","TTM","Bạc",,"Còn tồn","0.916","0","0.916","0","150","35","0","213.62","Phần Mềm Vàng","2HOANGKIM2","2BAC","46215.5137948264"
"I6600255","Lắc","TTM","Bạc",,"Còn tồn","1.168","0","1.168","0","150","35","0","262.76","Phần Mềm Vàng","2HOANGKIM2","2BAC","46215.5137883912"
"I6600257","Lắc","TTM","Bạc",,"Còn tồn","0.927","0","0.927","0","150","25","0","205.765","Phần Mềm Vàng","2HOANGKIM2","2BAC","46215.5137844907"
"I6600258","Lắc","TTM","Bạc",,"Còn tồn","0.927","0","0.927","0","150","25","0","205.765","Phần Mềm Vàng","2HOANGKIM2","2BAC","46215.5137919792"
"I6600260","Lac BAC","TTM","Bạc",,"Còn tồn","2.8875","0","2.8875","0","180","70","0","667.713","Phần Mềm Vàng","2HOANGKIM2","2BAC","46232.650693831"
"I6600261","Lac BAC","TTM","Bạc",,"Còn tồn","3.449","0","3.449","0","180","70","0","783.943","Phần Mềm Vàng","2HOANGKIM2","2BAC","46232.6506958333"
"I6600262","Lac BAC","TTM","Bạc",,"Còn tồn","3.1155","0","3.1155","0","180","70","0","714.909","Phần Mềm Vàng","2HOANGKIM2","2BAC","46232.6506951389"
"I6600263","Lac BAC","TTM","Bạc",,"Còn tồn","2.83","0","2.83","0","180","70","0","655.81","Phần Mềm Vàng","2HOANGKIM2","2BAC","46232.6506944097"
"I6600265","Lac BAC","TTM","Bạc",,"Còn tồn","2.8855","0","2.8855","0","180","70","0","667.299","Phần Mềm Vàng","2HOANGKIM2","2BAC","46232.650696412"
"I6600266","Lac BAC","TTM","Bạc",,"Còn tồn","3.4975","0","3.4975","0","180","70","0","793.983","Phần Mềm Vàng","2HOANGKIM2","2BAC","46232.6506961806"
"I6600267","Lac BAC","TTM","Bạc",,"Còn tồn","2.748","0","2.748","0","180","60","0","628.836","Phần Mềm Vàng","2HOANGKIM2","2BAC","46232.6506940625"
"I6600269",,"TTM","Bạc Ý",,"Còn tồn","0","0","0","0","0","0","890","690","Phần Mềm Vàng","2HOANGKIM2","2BAC","46236.6572518866"
"I6600270","GYM","TTM","Bạc Ý",,"Còn tồn","0","0","0","0","0","0","799","590","Phần Mềm Vàng","2HOANGKIM2","2BAC","46236.6572528125"
"I6600271","GYM","TTM","Bạc Ý",,"Còn tồn","0","0","0","0","0","0","799","590","Phần Mềm Vàng","2HOANGKIM2","2BAC","46236.6572540162"
"I6600272","GYM","TTM","Bạc Ý",,"Còn tồn","0","0","0","0","0","0","799","590","Phần Mềm Vàng","2HOANGKIM2","2BAC","46236.6572543981"
"I6600273","GYM","TTM","Bạc Ý",,"Còn tồn","0","0","0","0","0","0","799","590","Phần Mềm Vàng","2HOANGKIM2","2BAC","46236.657253044"
"I6600274","Lắc BẠC CC","TTM","Bạc",,"Còn tồn","4.2745","0","4.2745","0","390","190","0","1130.39","Phần Mềm Vàng","2HOANGKIM2","2BAC","46255.4329181713"
"I6600275","Lắc BẠC CC","TTM","Bạc",,"Còn tồn","3.84","0","3.84","0","390","190","0","1034.8","Phần Mềm Vàng","2HOANGKIM2","2BAC","46255.4329167477"
"I6600276","Lắc BẠC CC","TTM","Bạc",,"Còn tồn","4.42","0","4.42","0","390","190","0","1162.4","Phần Mềm Vàng","2HOANGKIM2","2BAC","46255.4329061343"
"I6600277","Lắc BẠC CC","TTM","Bạc",,"Còn tồn","4.7935","0","4.7935","0","390","160","0","1214.57","Phần Mềm Vàng","2HOANGKIM2","2BAC","46255.4329140046"
"I6600278","Lắc BẠC CC","TTM","Bạc",,"Còn tồn","4.8655","0","4.8655","0","390","160","0","1230.41","Phần Mềm Vàng","2HOANGKIM2","2BAC","46255.4329154282"
"I6600279","Lắc BẠC CC","TTM","Bạc",,"Còn tồn","5.2385","0","5.2385","0","390","160","0","1312.47","Phần Mềm Vàng","2HOANGKIM2","2BAC","46255.4329145833"
"I7500001","Nhẫn 10k2","TTM","Vàng 10K",,"Còn tồn","0.39","0","0.39","0","350","30","0","2549.4","Phần Mềm Vàng","2HOANGKIM2","2VANG10K","46016.4977658912"
"I7500003","Nhẫn 10k2","TTM","Vàng 10K",,"Còn tồn","0.37","0","0.37","0","350","30","0","2420.2","Phần Mềm Vàng","2HOANGKIM2","2VANG10K","46016.4977653588"
"I7500004","Bông hoa 10k2","TTM","Vàng Korea 10K",,"Còn tồn","0.244","0","0.244","0","350","0","0","1622.6","Phần Mềm Vàng","2HOANGKIM2","2VANG10K","46016.4977662037"
"I7600001","Lắc Cứng 10k2","TTM","Vàng 10K",,"Còn tồn","2.132","0","2.132","0","300","0","0","5116.8","Phần Mềm Vàng","2HOANGKIM2","2VANG10K","46031.7619371181"
"I7600003","Lắc Cứng 10N2","TTM","Vàng 10K",,"Còn tồn","1.034","0","1.034","0","300","0","0","5170","Phần Mềm Vàng","2HOANGKIM2","2VANG10K","46031.7619801736"
"I7600004","Lắc Cứng 10k2","TTM","Vàng 10K",,"Còn tồn","1.4645","0","1.4645","0","350","0","0","3514.8","Phần Mềm Vàng","2HOANGKIM2","2VANG10K","46031.7619744213"
"I7600006","Lắc Cứng 10k2","TTM","Vàng 10K",,"Còn tồn","1.478","0.082","1.396","0","300","0","0","3378.32","Phần Mềm Vàng","2HOANGKIM2","2VANG10K","46031.7619636921"
"I7600007","Lắc Cứng 10k2","TTM","Vàng 10K",,"Còn tồn","1.839","0","1.839","0","300","0","0","4450.38","Phần Mềm Vàng","2HOANGKIM2","2VANG10K","46031.7619663542"
"I7600008","Lắc Cứng 10N2","TTM","Vàng 10K",,"Còn tồn","0.8","0","0.8","0","250","0","0","3200","Phần Mềm Vàng","2HOANGKIM2","2VANG10K","46031.761977581"
"I7600009","Lắc Cứng 10N2","TTM","Vàng 10K",,"Còn tồn","0.745","0","0.745","0","200","0","0","2980","Phần Mềm Vàng","2HOANGKIM2","2VANG10K","46031.7619722222"
"I7600012","Lắc Cứng 10k2","TTM","Vàng 10k Ý",,"Còn tồn","3.5355","0","3.5355","0","450","0","0","19091.7","Phần Mềm Vàng","2HOANGKIM2","2VANG10K","46031.7619427431"
"I7600013","Lắc Cứng 10k2","TTM","Vàng 10k Ý",,"Còn tồn","3.565","0","3.565","0","450","0","0","19251","Phần Mềm Vàng","2HOANGKIM2","2VANG10K","46031.7619828704"
"I7600014","Lắc Cứng 10k2","TTM","Vàng 10k Ý",,"Còn tồn","2.054","0","2.054","0","450","0","0","11091.6","Phần Mềm Vàng","2HOANGKIM2","2VANG10K","46031.7619205208"
"I7600016","Lắc Cứng 10k2","TTM","Vàng 10K",,"Còn tồn","1.371","0.05","1.321","0","450","0","0","6605","Phần Mềm Vàng","2HOANGKIM2","2VANG10K","46031.761943206"
"I7600017","Lắc Cứng 10k2","TTM","Vàng 10K",,"Còn tồn","1.118","0","1.118","0","250","0","0","5590","Phần Mềm Vàng","2HOANGKIM2","2VANG10K","46031.7619841782"
"I7600018","Lắc Cứng 10k2","TTM","Vàng 10K",,"Còn tồn","4.0315","0.17","3.8615","0","450","0","0","19307.5","Phần Mềm Vàng","2HOANGKIM2","2VANG10K","46031.7619399306"
"I7600019","Lắc dây 10N2","TTM","Vàng 10K",,"Còn tồn","0.6855","0.12","0.5655","0","350","0","0","2827.5","Phần Mềm Vàng","2HOANGKIM2","2VANG10K","46031.7619790509"
"I7600021","Lắc dây 10K2","TTM","Vàng 10K",,"Còn tồn","0.8455","0.0455","0.8","0","350","15","0","4015","Phần Mềm Vàng","2HOANGKIM2","2VANG10K","46031.7619521181"
"I7600025","Lắc dây 10Y2","TTM","Vàng 10k Ý",,"Còn tồn","0.708","0","0.708","0","400","0","0","3540","Phần Mềm Vàng","2HOANGKIM2","2VANG10K","46031.7619385417"
"I7600026","Lắc dây 10Y2","TTM","Vàng 10k Ý",,"Còn tồn","0.325","0","0.325","0","350","0","0","1625","Phần Mềm Vàng","2HOANGKIM2","2VANG10K","46031.7619263889"
"I7600027","Lắc dây 10Y2","TTM","Vàng 10k Ý",,"Còn tồn","0.905","0","0.905","0","350","0","0","4525","Phần Mềm Vàng","2HOANGKIM2","2VANG10K","46031.7619645023"
"I7600029","Lắc dây BI 10Y2","TTM","Vàng 10k Ý",,"Còn tồn","0.934","0","0.934","0","400","0","0","4670","Phần Mềm Vàng","2HOANGKIM2","2VANG10K","46031.7619748495"
"I7600030","Lắc dây BI 10Y2","TTM","Vàng 10k Ý",,"Còn tồn","1.86","0","1.86","0","400","0","0","9300","Phần Mềm Vàng","2HOANGKIM2","2VANG10K","46031.7619676273"
"I7600031","Lắc dây BI 10N2","TTM","Vàng 10K",,"Còn tồn","1.87","0","1.87","0","400","0","0","9350","Phần Mềm Vàng","2HOANGKIM2","2VANG10K","46031.7619479977"
"I7600032","Lắc dây BI 10N2","TTM","Vàng 10K",,"Còn tồn","1.4685","0","1.4685","0","400","0","0","7342.5","Phần Mềm Vàng","2HOANGKIM2","2VANG10K","46031.7619390046"
"I7600034","Lắc dây BI 10N2","TTM","Vàng 10K",,"Còn tồn","0.916","0","0.916","0","400","0","0","4580","Phần Mềm Vàng","2HOANGKIM2","2VANG10K","46031.7619219097"
"I7600036","Lắc dây  10K2","TTM","Vàng 10K",,"Còn tồn","1.149","0.07","1.079","0","300","0","0","4747.6","Phần Mềm Vàng","2HOANGKIM2","2VANG10K","46031.7619764699"
"I7600038","Mặt 10k2","TTM","Vàng 10K",,"Còn tồn","0.26","0","0.26","0","450","100","0","1400","Phần Mềm Vàng","2HOANGKIM2","2VANG10K","46031.7619273495"
"I7600039","Mặt 10k2","TTM","Vàng 10K",,"Còn tồn","0.13","0","0.13","0","450","100","0","750","Phần Mềm Vàng","2HOANGKIM2","2VANG10K","46031.7619784722"
"I7600040","Lắc dây 10k1","TTM","Vàng 10K",,"Còn tồn","1.066","0.013","1.053","0","350","0","0","2643.03","Phần Mềm Vàng","2HOANGKIM2","2VANG10K","46031.7619667824"
"I7600041","Lắc dây 10k1","TTM","Vàng 10K",,"Còn tồn","0.766","0.06","0.706","0","300","0","0","1726.17","Phần Mềm Vàng","2HOANGKIM2","2VANG10K","46031.7619381134"
"I7600042","Lắc dây 10k1","TTM","Vàng 10K",,"Còn tồn","1.352","0.018","1.334","0","300","0","0","3174.92","Phần Mềm Vàng","2HOANGKIM2","2VANG10K","46031.7619717245"
"I7600044","Lắc dây 10k1","TTM","Vàng 10K",,"Còn tồn","0.86","0.01","0.85","0","350","0","0","3400","Phần Mềm Vàng","2HOANGKIM2","2VANG10K","46031.7619707176"
"I7600045","Lắc dây 10k1","TTM","Vàng 10K",,"Còn tồn","0.513","0","0.513","0","350","0","0","2052","Phần Mềm Vàng","2HOANGKIM2","2VANG10K","46031.7619550579"
"I7600046","Lắc dây 10k1","TTM","Vàng 10K",,"Còn tồn","0.654","0","0.654","0","300","0","0","3270","Phần Mềm Vàng","2HOANGKIM2","2VANG10K","46031.7619484144"
"I7600047","Lắc dây 10k1","TTM","Vàng 10K",,"Còn tồn","0.546","0.01","0.536","0","300","0","0","2680","Phần Mềm Vàng","2HOANGKIM2","2VANG10K","46031.7619555208"
"I7600048","Lắc dây 10k1","TTM","Vàng 10K",,"Còn tồn","0.688","0","0.688","0","300","0","0","3440","Phần Mềm Vàng","2HOANGKIM2","2VANG10K","46031.7619237269"
"I7600049","Lắc dây 10k1","TTM","Vàng 10K",,"Còn tồn","0.56","0","0.56","0","350","0","0","2800","Phần Mềm Vàng","2HOANGKIM2","2VANG10K","46031.7619403588"
"I7600050","Lắc dây 10k1","TTM","Vàng 10K",,"Còn tồn","0.7105","0","0.7105","0","350","0","0","3552.5","Phần Mềm Vàng","2HOANGKIM2","2VANG10K","46031.7619814815"
"I7600053","Lắc dây 10k1","TTM","Vàng 10K",,"Còn tồn","0.7095","0","0.7095","0","350","0","0","2483.25","Phần Mềm Vàng","2HOANGKIM2","2VANG10K","46031.7619246528"
"I7600054","Lắc dây 10k1","TTM","Vàng 10K",,"Còn tồn","0.486","0","0.486","0","300","0","0","1701","Phần Mềm Vàng","2HOANGKIM2","2VANG10K","46031.761931331"
"I7600055","Lắc dây 10k1","TTM","Vàng 10K",,"Còn tồn","0.382","0","0.382","0","300","0","0","1337","Phần Mềm Vàng","2HOANGKIM2","2VANG10K","46031.7619454861"
"I7600056","Lắc dây 10Y1","TTM","Vàng 10k Ý",,"Còn tồn","0.25","0","0.25","0","300","0","0","1250","Phần Mềm Vàng","2HOANGKIM2","2VANG10K","46031.7619363773"
"I7600059","Lắc dây 10Y1","TTM","Vàng 10K",,"Còn tồn","0.3","0","0.3","0","450","250","0","1750","Phần Mềm Vàng","2HOANGKIM2","2VANG10K","46031.7619795949"
"I7600060","Lắc dây 10K2","TTM","Vàng 10K",,"Còn tồn","0.31","0","0.31","0","450","250","0","1800","Phần Mềm Vàng","2HOANGKIM2","2VANG10K","46031.7619509606"
"I7600061","Lắc dây 10K2","TTM","Vàng 10K",,"Còn tồn","0.39","0","0.39","0","450","0","0","1950","Phần Mềm Vàng","2HOANGKIM2","2VANG10K","46031.7619735301"
"I7600062","Lắc dây 10K2","TTM","Vàng 10K",,"Còn tồn","0.49","0","0.49","0","450","0","0","2450","Phần Mềm Vàng","2HOANGKIM2","2VANG10K","46031.7619702546"
"I7600065","Lắc dây 10Y2","TTM","Vàng 10K",,"Còn tồn","0.35","0","0.35","0","350","0","0","1750","Phần Mềm Vàng","2HOANGKIM2","2VANG10K","46031.7619269329"
"I7600066","Lắc dây 10K2","TTM","Vàng 10K",,"Còn tồn","0.615","0","0.615","0","250","0","0","3075","Phần Mềm Vàng","2HOANGKIM2","2VANG10K","46031.7619726505"
"I7600067","Lắc dây 10K2","TTM","Vàng 10K",,"Còn tồn","0.6855","0","0.6855","0","250","0","0","3427.5","Phần Mềm Vàng","2HOANGKIM2","2VANG10K","46031.761925081"
"I7600069","Lắc dây 10K2","TTM","Vàng 10K",,"Còn tồn","0.5645","0","0.5645","0","250","0","0","2822.5","Phần Mềm Vàng","2HOANGKIM2","2VANG10K","46031.7619685185"
"I7600070","Lắc dây 10K2","TTM","Vàng 10K",,"Còn tồn","0.687","0","0.687","0","300","0","0","3435","Phần Mềm Vàng","2HOANGKIM2","2VANG10K","46031.7619376505"
"I7600071","Lắc dây 10K2","TTM","Vàng 10K",,"Còn tồn","0.541","0","0.541","0","300","0","0","2705","Phần Mềm Vàng","2HOANGKIM2","2VANG10K","46031.7619450232"
"I7600072","Lắc dây 10K2","TTM","Vàng 10K",,"Còn tồn","0.787","0.014","0.773","0","300","0","0","3865","Phần Mềm Vàng","2HOANGKIM2","2VANG10K","46031.7619850694"
"I7600073","Dây Bi10K1","TTM","Vàng 10K",,"Còn tồn","2.908","0","2.908","0","300","0","0","7124.6","Phần Mềm Vàng","2HOANGKIM2","2VANG10K","46031.7619672106"
"I7600074","Mặt Gucci 10K","TTM","Vàng 10K",,"Còn tồn","0.597","0.011","0.586","0","300","0","0","1432.77","Phần Mềm Vàng","2HOANGKIM2","2VANG10K","46031.7619823727"
"I7600075","Dây Bi 10K","TTM","Vàng 10k Ý",,"Còn tồn","2.938","0","2.938","0","400","0","0","8182.33","Phần Mềm Vàng","2HOANGKIM2","2VANG10K","46031.7619417824"
"I7600076","Mặt Gucci 10K2","TTM","Vàng 10k Ý",,"Còn tồn","0.91","0","0.91","0","400","0","0","2730","Phần Mềm Vàng","2HOANGKIM2","2VANG10K","46031.7619496528"
"I7600077","Mặt X K2","TTM","Vàng 10k Ý",,"Còn tồn","1.19","0","1.19","0","400","0","0","3570","Phần Mềm Vàng","2HOANGKIM2","2VANG10K","46031.7619209838"
"I7600078","Dây Xoắn 10N2","TTM","Vàng 10k Ý",,"Còn tồn","2.625","0","2.625","0","400","0","0","10500","Phần Mềm Vàng","2HOANGKIM2","2VANG10K","46031.7619254977"
"I7600079","Mặt 10Y2","TTM","Vàng 10k Ý",,"Còn tồn","0.766","0","0.766","0","300","0","0","2681","Phần Mềm Vàng","2HOANGKIM2","2VANG10K","46031.7619809375"
"I7600080","Mặt 10KO2","TTM","Vàng Korea 10K",,"Còn tồn","1.045","0","1.045","0","300","0","0","3657.5","Phần Mềm Vàng","2HOANGKIM2","2VANG10K","46031.7619533912"
"I7600081","Dây 10Y CC","TTM","Vàng 10k Ý",,"Còn tồn","1.22","0","1.22","0","300","0","0","5185","Phần Mềm Vàng","2HOANGKIM2","2VANG10K","46031.7619413542"
"I7600082","Mặt H 10KO1","TTM","Vàng Korea 10K",,"Còn tồn","0.717","0","0.717","0","300","0","0","1889.295","Phần Mềm Vàng","2HOANGKIM2","2VANG10K","46031.7619422801"
"I7600083","Lắc dây 10kO1","TTM","Vàng Korea 10K",,"Còn tồn","0.654","0","0.654","0","300","0","0","2616","Phần Mềm Vàng","2HOANGKIM2","2VANG10K","46031.7619463773"
"I7600084","Dây 10K2","TTM","Vàng 10K",,"Còn tồn","1.358","0.048","1.31","0","300","0","0","3189.85","Phần Mềm Vàng","2HOANGKIM2","2VANG10K","46031.7619545486"
"I7600085","Dây 10N2","TTM","Vàng 10K",,"Còn tồn","1.08","0.08","1","0","300","0","0","5000","Phần Mềm Vàng","2HOANGKIM2","2VANG10K","46031.7619689815"
"I7600086","Dây 10K2","TTM","Vàng 10K",,"Còn tồn","1.44","0","1.44","0","400","0","0","7200","Phần Mềm Vàng","2HOANGKIM2","2VANG10K","46031.7619200579"
"I7600087","Mặt 10k2","TTM","Vàng 10K",,"Còn tồn","0.413","0.02","0.393","0","300","0","0","960.885","Phần Mềm Vàng","2HOANGKIM2","2VANG10K","46031.7619832523"
"I7600088","Dây 10N2","TTM","Vàng 10K",,"Còn tồn","0.89","0","0.89","0","300","0","0","4806","Phần Mềm Vàng","2HOANGKIM2","2VANG10K","46031.7619394676"
"I7600089","Dây 10K2","TTM","Vàng 10K",,"Còn tồn","1.482","0","1.482","0","300","0","0","3593.85","Phần Mềm Vàng","2HOANGKIM2","2VANG10K","46031.7619590625"
"I7600090","Mặt 10k2","TTM","Vàng 10K",,"Còn tồn","0.795","0","0.795","0","300","0","0","2782.5","Phần Mềm Vàng","2HOANGKIM2","2VANG10K","46031.7619232986"
"I7600091","Mặt 10KO2","TTM","Vàng Korea 10K",,"Còn tồn","2.055","0","2.055","0","400","0","0","0","Phần Mềm Vàng","2HOANGKIM2","2VANG10K","46031.7619846065"
"I7600092","Dây 10K2","TTM","Vàng 10K",,"Còn tồn","4.517","0","4.517","0","400","0","0","10953.725","Phần Mềm Vàng","2HOANGKIM2","2VANG10K","46031.7619445949"
"I7600093","Dây 10K2","TTM","Vàng 10K",,"Còn tồn","2.455","0","2.455","0","450","0","0","12766","Phần Mềm Vàng","2HOANGKIM2","2VANG10K","46031.7619349537"
"I7600094","Dây 10N2","TTM","Vàng 10K",,"Còn tồn","1.45","0","1.45","0","400","0","0","7540","Phần Mềm Vàng","2HOANGKIM2","2VANG10K","46031.7619769676"
"I7600095","Dây 10N2","TTM","Vàng 10K",,"Còn tồn","1.5765","0","1.5765","0","300","0","0","8197.8","Phần Mềm Vàng","2HOANGKIM2","2VANG10K","46031.7619501157"
"I7600096","Nhẫn 10kO2","TTM","Vàng Korea 10K",,"Còn tồn","0.768","0","0.768","0","0","0","0","1904.64","Phần Mềm Vàng","2HOANGKIM2","2VANG10K","46032.6252346412"
"I7600097","Nhẫn 10kO2","TTM","Vàng Korea 10K",,"Còn tồn","1.288","0.17","1.118","0","0","0","0","2772.64","Phần Mềm Vàng","2HOANGKIM2","2VANG10K","46032.6252355671"
"I7600098","Nhẫn 10kO2","TTM","Vàng Korea 10K",,"Còn tồn","0.7375","0.077","0.6605","0","300","0","0","1354.025","Phần Mềm Vàng","2HOANGKIM2","2VANG10K","46032.625228206"
"I7600099","Nhẫn 10kO2","TTM","Vàng Korea 10K",,"Còn tồn","0.7375","0","0.7375","0","300","0","0","3835","Phần Mềm Vàng","2HOANGKIM2","2VANG10K","46032.6252294329"
"I7600101","Nhẫn 10kO2","TTM","Vàng Korea 10K",,"Còn tồn","0.785","0.12","0.665","0","300","0","0","3325","Phần Mềm Vàng","2HOANGKIM2","2VANG10K","46032.6252306713"
"I7600102","Nhẫn 10kO2","TTM","Vàng Korea 10K",,"Còn tồn","1.247","0.22","1.027","0","300","0","0","4108","Phần Mềm Vàng","2HOANGKIM2","2VANG10K","46032.6252298611"
"I7600103","Nhẫn 10kO2","TTM","Vàng Korea 10K",,"Còn tồn","1.047","0.12","0.927","0","300","0","0","3708","Phần Mềm Vàng","2HOANGKIM2","2VANG10K","46032.6252350694"
"I7600104","Nhẫn 10kO2","TTM","Vàng Korea 10K",,"Còn tồn","0.747","0","0.747","0","300","0","0","1815.21","Phần Mềm Vàng","2HOANGKIM2","2VANG10K","46032.6252310995"
"I7600106","Nhẫn 10kO2","TTM","Vàng Korea 10K",,"Còn tồn","0.681","0","0.681","0","300","0","0","2043","Phần Mềm Vàng","2HOANGKIM2","2VANG10K","46032.6252286227"
"I7600107","Nhẫn 10kO2","TTM","Vàng Korea 10K",,"Còn tồn","0.681","0","0.681","0","300","0","0","2043","Phần Mềm Vàng","2HOANGKIM2","2VANG10K","46032.6252323264"
"I7600108","Nhẫn 10kO2","TTM","Vàng Korea 10K",,"Còn tồn","0.237","0","0.237","0","300","0","0","711","Phần Mềm Vàng","2HOANGKIM2","2VANG10K","46032.6252337963"
"I7600109","Nhẫn 10kO2","TTM","Vàng Korea 10K",,"Còn tồn","0.315","0","0.315","0","300","0","0","945","Phần Mềm Vàng","2HOANGKIM2","2VANG10K","46032.6252314815"
"I7600112","Dây 10Y2","TTM","Vàng 10k Ý",,"Còn tồn","0.501","0","0.501","0","400","0","0","2505","Phần Mềm Vàng","2HOANGKIM2","2VANG10K","46033.6715194792"
"I7600113","Dây 10Y2","TTM","Vàng 10k Ý",,"Còn tồn","0.78","0","0.78","0","300","0","0","3120","Phần Mềm Vàng","2HOANGKIM2","2VANG10K","46033.6715097222"
"I7600114","Dây 10Y2","TTM","Vàng 10k Ý",,"Còn tồn","0.7015","0","0.7015","0","300","0","0","2806","Phần Mềm Vàng","2HOANGKIM2","2VANG10K","46033.6715199421"
"I7600116","Mặt 10k2","TTM","Vàng 10K",,"Còn tồn","0.37","0","0.37","0","450","150","0","2000","Phần Mềm Vàng","2HOANGKIM2","2VANG10K","46033.6715135764"
"I7600117","Dây 10N2","TTM","Vàng 10K",,"Còn tồn","0.76","0","0.76","0","200","0","0","3800","Phần Mềm Vàng","2HOANGKIM2","2VANG10K","46033.6715292477"
"I7600118","Dây 10Y2","TTM","Vàng 10k Ý",,"Còn tồn","0.809","0","0.809","0","350","0","0","4045","Phần Mềm Vàng","2HOANGKIM2","2VANG10K","46033.6715287847"
"I7600120","Dây 10K2","TTM","Vàng 10K",,"Còn tồn","0.6135","0","0.6135","0","250","0","0","1487.738","Phần Mềm Vàng","2HOANGKIM2","2VANG10K","46033.6715119213"
"I7600122","Dây 10K2","TTM","Vàng 10K",,"Còn tồn","0.924","0.026","0.898","0","250","0","0","2195.61","Phần Mềm Vàng","2HOANGKIM2","2VANG10K","46033.6715190625"
"I7600123","Dây 10K2","TTM","Vàng 10K",,"Còn tồn","0.838","0","0.838","0","350","0","0","4190","Phần Mềm Vàng","2HOANGKIM2","2VANG10K","46033.6715209491"
"I7600124","Mặt 10k2","TTM","Vàng 10K",,"Còn tồn","0.183","0.002","0.181","0","250","0","0","724","Phần Mềm Vàng","2HOANGKIM2","2VANG10K","46033.6715241088"
"I7600126","Mặt 10k2","TTM","Vàng 10K",,"Còn tồn","0.145","0","0.145","0","250","0","0","725","Phần Mềm Vàng","2HOANGKIM2","2VANG10K","46033.6715276968"
"I7600127","Mặt 10k2","TTM","Vàng 10K",,"Còn tồn","0.427","0.02","0.407","0","200","0","0","2035","Phần Mềm Vàng","2HOANGKIM2","2VANG10K","46033.6715228009"
"I7600129","Dây 10Y2N","TTM","Vàng 10k Ý",,"Còn tồn","0.673","0","0.673","0","350","0","0","3365","Phần Mềm Vàng","2HOANGKIM2","2VANG10K","46033.6715249653"
"I7600130","Dây 10Y2","TTM","Vàng 10k Ý",,"Còn tồn","0.6855","0","0.6855","0","350","0","0","1837.14","Phần Mềm Vàng","2HOANGKIM2","2VANG10K","46033.6715166319"
"I7600131","Dây 10Y2","TTM","Vàng 10k Ý",,"Còn tồn","0.835","0","0.835","0","350","0","0","2237.8","Phần Mềm Vàng","2HOANGKIM2","2VANG10K","46033.6715127662"
"I7600134","Dây 10K2","TTM","Vàng 10K",,"Còn tồn","1.054","0.04","1.014","0","350","0","0","5070","Phần Mềm Vàng","2HOANGKIM2","2VANG10K","46033.6715282407"
"I7600135","Dây 10K2","TTM","Vàng 10K",,"Còn tồn","1.43","0","1.43","0","250","0","0","4290","Phần Mềm Vàng","2HOANGKIM2","2VANG10K","46033.6715203704"
"I7600136","Mặt 10k2","TTM","Vàng 10K",,"Còn tồn","0.276","0.014","0.262","0","250","0","0","640.59","Phần Mềm Vàng","2HOANGKIM2","2VANG10K","46033.6715111111"
"I7600137","Mặt 10k2","TTM","Vàng 10K",,"Còn tồn","0.3725","0","0.3725","0","200","0","0","745","Phần Mềm Vàng","2HOANGKIM2","2VANG10K","46033.6715153935"
"I7600139","Mặt 10N2","TTM","Vàng 10K",,"Còn tồn","0.3","0","0.3","0","200","0","0","1560","Phần Mềm Vàng","2HOANGKIM2","2VANG10K","46033.6715170949"
"I7600141","Dây 10N2","TTM","Vàng 10K",,"Còn tồn","0.6965","0","0.6965","0","250","0","0","3621.8","Phần Mềm Vàng","2HOANGKIM2","2VANG10K","46033.6715263079"
"I7600142","Dây 10N2","TTM","Vàng 10K",,"Còn tồn","0.985","0","0.985","0","250","0","0","3940","Phần Mềm Vàng","2HOANGKIM2","2VANG10K","46033.6715184028"
"I7600145","Dây 10Y2","TTM","Vàng 10k Ý",,"Còn tồn","0.46","0","0.46","0","350","0","0","2300","Phần Mềm Vàng","2HOANGKIM2","2VANG10K","46033.6715160069"
"I7600146","Dây 10Y2","TTM","Vàng 10k Ý",,"Còn tồn","0.557","0","0.557","0","350","0","0","1353.51","Phần Mềm Vàng","2HOANGKIM2","2VANG10K","46033.6715301736"
"I7600147","Dây 10Y2","TTM","Vàng 10k Ý",,"Còn tồn","0.445","0","0.445","0","300","0","0","1335","Phần Mềm Vàng","2HOANGKIM2","2VANG10K","46033.671509294"
"I7600148","Dây 10N2","TTM","Vàng 10K",,"Còn tồn","0.618","0","0.618","0","200","0","0","3090","Phần Mềm Vàng","2HOANGKIM2","2VANG10K","46033.6715088773"
"I7600150","Lắc 10kO2","TTM","Vàng 10k Ý",,"Còn tồn","0.9","0","0.9","0","350","0","0","4680","Phần Mềm Vàng","2HOANGKIM2","2VANG10K","46033.6715272338"
"I7600151","Dây 10Y CC","TTM","Vàng 10k Ý",,"Còn tồn","2.8275","0","2.8275","0","400","0","0","14985.75","Phần Mềm Vàng","2HOANGKIM2","2VANG10K","46033.6715258449"
"I7600153","Nhẫn Cưới 10K","TTM","Vàng 10K",,"Còn tồn","0.474","0.002","0.472","0","250","0","0","1156.4","Phần Mềm Vàng","2HOANGKIM2","2VANG10K","46034.7741590278"
"I7600154","Nhẫn Cưới 10K","TTM","Vàng 10K",,"Còn tồn","0.432","0.002","0.43","0","250","0","0","1034.15","Phần Mềm Vàng","2HOANGKIM2","2VANG10K","46034.7741707986"
"I7600155","Nhẫn Cưới 10K","TTM","Vàng 10K",,"Còn tồn","0.499","0","0.499","0","250","0","0","2495","Phần Mềm Vàng","2HOANGKIM2","2VANG10K","46034.7741767361"
"I7600156","Nhẫn Cưới 10K","TTM","Vàng 10K",,"Còn tồn","0.483","0","0.483","0","250","0","0","2415","Phần Mềm Vàng","2HOANGKIM2","2VANG10K","46034.7741652778"
"I7600157","Nhẫn Cưới 10K","TTM","Vàng 10K",,"Còn tồn","0.5405","0","0.5405","0","250","0","0","2702.5","Phần Mềm Vàng","2HOANGKIM2","2VANG10K","46034.7741795949"
"I7600158","Nhẫn Cưới 10K","TTM","Vàng 10K",,"Còn tồn","0.536","0","0.536","0","250","0","0","2680","Phần Mềm Vàng","2HOANGKIM2","2VANG10K","46034.7741638889"
"I7600161","Nhẫn Cưới 10K","TTM","Vàng 10K",,"Còn tồn","0.39","0.005","0.385","0","250","0","0","958.65","Phần Mềm Vàng","2HOANGKIM2","2VANG10K","46034.7741594907"
"I7600162","Nhẫn Cưới 10K","TTM","Vàng 10K",,"Còn tồn","0.435","0.005","0.43","0","250","0","0","1070.7","Phần Mềm Vàng","2HOANGKIM2","2VANG10K","46034.7741428588"
"I7600163","Nhẫn Cưới 10K","TTM","Vàng 10K",,"Còn tồn","0.592","0.002","0.59","0","250","0","0","1416","Phần Mềm Vàng","2HOANGKIM2","2VANG10K","46034.7741486458"
"I7600164","Nhẫn Cưới 10K","TTM","Vàng 10K",,"Còn tồn","0.534","0.002","0.532","0","250","0","0","1276.8","Phần Mềm Vàng","2HOANGKIM2","2VANG10K","46034.7741727199"
"I7600165","Nhẫn Cưới 10K","TTM","Vàng 10K",,"Còn tồn","0.565","0","0.565","0","250","0","0","2825","Phần Mềm Vàng","2HOANGKIM2","2VANG10K","46034.7741491088"
"I7600166","Nhẫn Cưới 10K","TTM","Vàng 10K",,"Còn tồn","0.58","0","0.58","0","250","0","0","2900","Phần Mềm Vàng","2HOANGKIM2","2VANG10K","46034.7741681713"
"I7600167","Nhẫn Cưới 10K","TTM","Vàng 10K",,"Còn tồn","0.268","0","0.268","0","250","0","0","1340","Phần Mềm Vàng","2HOANGKIM2","2VANG10K","46034.774143831"
"I7600168","Nhẫn Cưới 10K","TTM","Vàng 10K",,"Còn tồn","0.2945","0","0.2945","0","250","0","0","1472.5","Phần Mềm Vàng","2HOANGKIM2","2VANG10K","46034.7741686343"
"I7600169","Nhẫn Cưới 10K","TTM","Vàng 10K",,"Còn tồn","0.437","0.003","0.434","0","250","0","0","1032.92","Phần Mềm Vàng","2HOANGKIM2","2VANG10K","46034.7741731482"
"I7600170","Nhẫn Cưới 10K","TTM","Vàng 10K",,"Còn tồn","0.4815","0.003","0.4785","0","250","0","0","1138.83","Phần Mềm Vàng","2HOANGKIM2","2VANG10K","46034.7741496181"
"I7600171","Nhẫn Cưới 10K","TTM","Vàng 10K",,"Còn tồn","0.632","0.005","0.627","0","250","0","0","1529.88","Phần Mềm Vàng","2HOANGKIM2","2VANG10K","46034.7741746181"
"I7600172","Nhẫn Cưới 10K","TTM","Vàng 10K",,"Còn tồn","0.71","0.005","0.705","0","250","0","0","1720.2","Phần Mềm Vàng","2HOANGKIM2","2VANG10K","46034.7741505787"
"I7600173","Nhẫn 10N2","TTM","Vàng 10K",,"Còn tồn","0.266","0.0011","0.2649","0","250","0","0","1324.5","Phần Mềm Vàng","2HOANGKIM2","2VANG10K","46034.7741563657"
"I7600174","Nhẫn Nữ Đá Màu2","TTM","Vàng 10K",,"Còn tồn","1.023","0.243","0.78","0","350","0","0","1907.1","Phần Mềm Vàng","2HOANGKIM2","2VANG10K","46034.7741786227"
"I7600176","Nhẫn 10k2","TTM","Vàng 10K",,"Còn tồn","0.7075","0","0.7075","0","300","0","0","3537.5","Phần Mềm Vàng","2HOANGKIM2","2VANG10K","46034.7741459491"
"I7600177","Nhẫn 10N2","TTM","Vàng 10K",,"Còn tồn","0.4915","0.011","0.4805","0","300","0","0","2402.5","Phần Mềm Vàng","2HOANGKIM2","2VANG10K","46034.774153669"
"I7600178","Nhẫn 10k2","TTM","Vàng 10K",,"Còn tồn","0.49","0.09","0.4","0","200","0","0","2000","Phần Mềm Vàng","2HOANGKIM2","2VANG10K","46034.7741476505"
"I7600179","Nhẫn 10N1","TTM","Vàng 10K",,"Còn tồn","0.322","0.002","0.32","0","200","0","0","1600","Phần Mềm Vàng","2HOANGKIM2","2VANG10K","46034.7741722222"
"I7600180","Nhẫn 10k2","TTM","Vàng 10K",,"Còn tồn","0.3405","0.002","0.3385","0","250","0","0","1692.5","Phần Mềm Vàng","2HOANGKIM2","2VANG10K","46034.7741572106"
"I7600181","Nhẫn 10k2","TTM","Vàng 10K",,"Còn tồn","0.418","0.006","0.412","0","250","0","0","2060","Phần Mềm Vàng","2HOANGKIM2","2VANG10K","46034.7741515856"
"I7600182","Nhẫn 10k2","TTM","Vàng 10K",,"Còn tồn","0.418","0.038","0.38","0","200","0","0","953.8","Phần Mềm Vàng","2HOANGKIM2","2VANG10K","46034.7741756597"
"I7600183","Nhẫn 10Y2","TTM","Vàng 10k Ý",,"Còn tồn","0.4485","0","0.4485","0","250","0","0","2242.5","Phần Mềm Vàng","2HOANGKIM2","2VANG10K","46034.7741623495"
"I7600184","Nhẫn 10Y2","TTM","Vàng 10k Ý",,"Còn tồn","0.405","0","0.405","0","350","0","0","2025","Phần Mềm Vàng","2HOANGKIM2","2VANG10K","46034.7741609143"
"I7600185","Nhẫn 10N2","TTM","Vàng 10K",,"Còn tồn","0.61","0.03","0.58","0","350","0","0","2320","Phần Mềm Vàng","2HOANGKIM2","2VANG10K","46034.7741657755"
"I7600186","Nhẫn 10k2","TTM","Vàng 10K",,"Còn tồn","0.32","0","0.32","0","350","0","0","1280","Phần Mềm Vàng","2HOANGKIM2","2VANG10K","46034.7741396991"
"I7600187","Nhẫn 10k2","TTM","Vàng 10K",,"Còn tồn","0.35","0","0.35","0","520","250","0","1650","Phần Mềm Vàng","2HOANGKIM2","2VANG10K","46034.7741761574"
"I7600188","Nhẫn 10k2","TTM","Vàng 10K",,"Còn tồn","0.43","0","0.43","0","560","250","0","1970","Phần Mềm Vàng","2HOANGKIM2","2VANG10K","46034.7741402431"
"I7600189","Nhẫn 10k2","TTM","Vàng 10K",,"Còn tồn","2.01","0.04","1.97","0","350","0","0","4858.02","Phần Mềm Vàng","2HOANGKIM2","2VANG10K","46034.7741448264"
"I7600191","Nhẫn 10k2","TTM","Vàng 10K",,"Còn tồn","0.504","0","0.504","0","350","0","0","2520","Phần Mềm Vàng","2HOANGKIM2","2VANG10K","46034.7741667477"
"I7600192","Nhẫn 10k2","TTM","Vàng 10K",,"Còn tồn","1.488","0.38","1.108","0","400","0","0","3324","Phần Mềm Vàng","2HOANGKIM2","2VANG10K","46034.7741717593"
"I7600194","Nhẫn 10N2","TTM","Vàng 10K",,"Còn tồn","2.568","0.858","1.71","0","350","0","0","5130","Phần Mềm Vàng","2HOANGKIM2","2VANG10K","46034.7741541667"
"I7600195","Nhẫn 10Y2","TTM","Vàng 10k Ý",,"Còn tồn","0.3455","0","0.3455","0","250","0","0","1382","Phần Mềm Vàng","2HOANGKIM2","2VANG10K","46034.7741633912"
"I7600196","Nhẫn 10Y2","TTM","Vàng 10k Ý",,"Còn tồn","0.314","0","0.314","0","250","0","0","1256","Phần Mềm Vàng","2HOANGKIM2","2VANG10K","46034.7741481134"
"I7600197","Nhẫn 10kO2","TTM","Vàng Korea 10K",,"Còn tồn","0.507","0","0.507","0","300","0","0","0","Phần Mềm Vàng","2HOANGKIM2","2VANG10K","46034.7741407407"
"I7600198","Nhẫn 10N2","TTM","Vàng 10K",,"Còn tồn","0.665","0.05","0.615","0","300","0","0","3075","Phần Mềm Vàng","2HOANGKIM2","2VANG10K","46034.7741773148"
"I7600199","Nhẫn 10k2","TTM","Vàng 10K",,"Còn tồn","1.55","0.46","1.09","0","350","80","0","2745.05","Phần Mềm Vàng","2HOANGKIM2","2VANG10K","46034.7741712963"
"I7600200","Nhẫn 10N2","TTM","Vàng 10K",,"Còn tồn","1.217","0.3","0.917","0","400","80","0","4665","Phần Mềm Vàng","2HOANGKIM2","2VANG10K","46034.7741662384"
"I7600201","Nhẫn 10N2","TTM","Vàng 10K",,"Còn tồn","1.095","0.2","0.895","0","400","0","0","3580","Phần Mềm Vàng","2HOANGKIM2","2VANG10K","46034.7741412384"
"I7600202","Nhẫn 10N2","TTM","Vàng 10K",,"Còn tồn","0.762","0.202","0.56","0","400","0","0","2240","Phần Mềm Vàng","2HOANGKIM2","2VANG10K","46034.7741672106"
"I7600203","Nhẫn 10k2","TTM","Vàng 10K",,"Còn tồn","1.209","0.075","1.134","0","400","0","0","2698.92","Phần Mềm Vàng","2HOANGKIM2","2VANG10K","46034.7741627662"
"I7600204","Nhẫn 10N2","TTM","Vàng 10K",,"Còn tồn","0.861","0.171","0.69","0","400","0","0","2415","Phần Mềm Vàng","2HOANGKIM2","2VANG10K","46034.7741577199"
"I7600205","Nhẫn 10k2","TTM","Vàng 10K",,"Còn tồn","1.676","0.766","0.91","0","400","80","0","2304.95","Phần Mềm Vàng","2HOANGKIM2","2VANG10K","46034.7741736921"
"I7600206","Nhẫn 10k2","TTM","Vàng 10K",,"Còn tồn","1.053","0.183","0.87","0","400","50","0","2177.15","Phần Mềm Vàng","2HOANGKIM2","2VANG10K","46034.7741510417"
"I7600207","Nhẫn 10N2","TTM","Vàng 10K",,"Còn tồn","0.65","0","0.65","0","380","0","0","1950","Phần Mềm Vàng","2HOANGKIM2","2VANG10K","46034.7741648148"
"I7600208","Nhẫn 10k2","TTM","Vàng 10K",,"Còn tồn","0.4","0","0.4","0","400","0","0","2000","Phần Mềm Vàng","2HOANGKIM2","2VANG10K","46034.7741800579"
"I7600209","Nhẫn 10k2","TTM","Vàng 10K",,"Còn tồn","0.43","0","0.43","0","550","0","0","2150","Phần Mềm Vàng","2HOANGKIM2","2VANG10K","46034.7741454861"
"I7600210","Nhẫn 10k2","TTM","Vàng 10K",,"Còn tồn","0.54","0","0.54","0","450","140","0","1414.4","Phần Mềm Vàng","2HOANGKIM2","2VANG10K","46034.7741613773"
"I7600211","Nhẫn 10N2","TTM","Vàng 10K",,"Còn tồn","0.54","0","0.54","0","400","0","0","2160","Phần Mềm Vàng","2HOANGKIM2","2VANG10K","46034.774153125"
"I7600212","Nhẫn 10N2","TTM","Vàng 10K",,"Còn tồn","0.342","0","0.342","0","200","0","0","1710","Phần Mềm Vàng","2HOANGKIM2","2VANG10K","46034.7741677083"
"I7600213","Nhẫn 10k2","TTM","Vàng 10K",,"Còn tồn","0.389","0.003","0.386","0","250","0","0","1930","Phần Mềm Vàng","2HOANGKIM2","2VANG10K","46034.7741423611"
"I7600214","Nhẫn 10k2","TTM","Vàng 10K",,"Còn tồn","0.38","0","0.38","0","350","40","0","2130","Phần Mềm Vàng","2HOANGKIM2","2VANG10K","46034.7741599537"
"I7600215","Nhẫn 10k2","TTM","Vàng 10K",,"Còn tồn","0.38","0","0.38","0","350","40","0","1560","Phần Mềm Vàng","2HOANGKIM2","2VANG10K","46034.7741604167"
"I7600216","Nhẫn 10k2","TTM","Vàng 10K",,"Còn tồn","0.6","0","0.6","0","400","180","0","1638","Phần Mềm Vàng","2HOANGKIM2","2VANG10K","46034.7741751157"
"I7600217","Nhẫn 10N2","TTM","Vàng 10K",,"Còn tồn","0.367","0","0.367","0","250","0","0","1468","Phần Mềm Vàng","2HOANGKIM2","2VANG10K","46034.7741696412"
"I7600218","Nhẫn 10k2","TTM","Vàng 10K",,"Còn tồn","0.3125","0","0.3125","0","200","0","0","1687.5","Phần Mềm Vàng","2HOANGKIM2","2VANG10K","46034.7741552431"
"I7600219","Nhẫn 10k2","TTM","Vàng 10K",,"Còn tồn","0.773","0","0.773","0","250","0","0","3092","Phần Mềm Vàng","2HOANGKIM2","2VANG10K","46035.4744114583"
"I7600220","Nhẫn 10k2","TTM","Vàng 10K",,"Còn tồn","0.47","0","0.47","0","300","0","0","2350","Phần Mềm Vàng","2HOANGKIM2","2VANG10K","46035.4744037384"
"I7600221","Nhẫn 10k2","TTM","Vàng 10K",,"Còn tồn","0.588","0.028","0.56","0","350","100","0","1469.2","Phần Mềm Vàng","2HOANGKIM2","2VANG10K","46035.4744054051"
"I7600222","Nhẫn 10k2","TTM","Vàng 10K",,"Còn tồn","0.506","0.01","0.496","0","450","0","0","2480","Phần Mềm Vàng","2HOANGKIM2","2VANG10K","46035.4744059028"
"I7600223","Nhẫn 10k2","TTM","Vàng 10K",,"Còn tồn","0.68","0","0.68","0","450","190","0","1870.96","Phần Mềm Vàng","2HOANGKIM2","2VANG10K","46035.4744069097"
"I7600225","Nhẫn 10k2","TTM","Vàng 10K",,"Còn tồn","0.312","0","0.312","0","200","0","0","1560","Phần Mềm Vàng","2HOANGKIM2","2VANG10K","46035.474408912"
"I7600227","Nhẫn 10N2","TTM","Vàng 10K",,"Còn tồn","0.4145","0.005","0.4095","0","250","0","0","2047.5","Phần Mềm Vàng","2HOANGKIM2","2VANG10K","46035.4744047801"
"I7600228","Nhẫn 10N2","TTM","Vàng 10K",,"Còn tồn","0.29","0","0.29","0","200","0","0","870","Phần Mềm Vàng","2HOANGKIM2","2VANG10K","46035.4744064005"
"I7600229","Nhẫn 10k2","TTM","Vàng 10K",,"Còn tồn","0.34","0","0.34","0","520","300","0","2000","Phần Mềm Vàng","2HOANGKIM2","2VANG10K","46035.4744084491"
"I7600231","Nhẫn 10k2","TTM","Vàng 10K",,"Còn tồn","0.373","0","0.373","0","200","0","0","1492","Phần Mềm Vàng","2HOANGKIM2","2VANG10K","46035.4744096065"
"I7600232","Nhẫn 10k2","TTM","Vàng 10K",,"Còn tồn","0.261","0","0.261","0","250","0","0","1305","Phần Mềm Vàng","2HOANGKIM2","2VANG10K","46035.4744074074"
"I7600233","Nhẫn 10k2","TTM","Vàng 10K",,"Còn tồn","0.521","0","0.521","0","300","0","0","2605","Phần Mềm Vàng","2HOANGKIM2","2VANG10K","46035.4744026273"
"I7600235","Nhẫn 10N2","TTM","Vàng 10K",,"Còn tồn","1.137","0.23","0.907","0","450","0","0","4535","Phần Mềm Vàng","2HOANGKIM2","2VANG10K","46035.4744079051"
"I7600236","Bông 10K2","TTM","Vàng 10K",,"Còn tồn","0.15","0","0.15","0","250","0","0","750","Phần Mềm Vàng","2HOANGKIM2","2VANG10K","46036.5693904282"
"I7600239","Bông 10K2","TTM","Vàng 10K",,"Còn tồn","0.25","0","0.25","0","350","30","0","1280","Phần Mềm Vàng","2HOANGKIM2","2VANG10K","46036.5693852662"
"I7600240","Bông 10K2","TTM","Vàng 10K",,"Còn tồn","0.2845","0","0.2845","0","200","30","0","1452.5","Phần Mềm Vàng","2HOANGKIM2","2VANG10K","46036.5693930556"
"I7600241","Bông 10K2","TTM","Vàng 10K",,"Còn tồn","0.444","0","0.444","0","200","30","0","1106.7","Phần Mềm Vàng","2HOANGKIM2","2VANG10K","46036.5693684028"
"I7600243","Bông 10Y2","TTM","Vàng 10k Ý",,"Còn tồn","0.23","0","0.23","0","350","0","0","1265","Phần Mềm Vàng","2HOANGKIM2","2VANG10K","46036.5693874653"
"I7600244","Bông 10N2","TTM","Vàng 10K",,"Còn tồn","0.524","0.002","0.522","0","250","0","0","2349","Phần Mềm Vàng","2HOANGKIM2","2VANG10K","46036.5693730671"
"I7600245","Bông 10K2","TTM","Vàng 10K",,"Còn tồn","0.15","0","0.15","0","250","0","0","780","Phần Mềm Vàng","2HOANGKIM2","2VANG10K","46036.5693780903"
"I7600246","Bông 10Y2","TTM","Vàng 10k Ý",,"Còn tồn","0.1555","0","0.1555","0","300","0","0","777.5","Phần Mềm Vàng","2HOANGKIM2","2VANG10K","46036.5693679398"
"I7600247","Bông 10KO2","TTM","Vàng Korea 10K",,"Còn tồn","0.925","0","0.925","0","300","0","0","2405","Phần Mềm Vàng","2HOANGKIM2","2VANG10K","46036.5693910532"
"I7600248","Bông 10KO2","TTM","Vàng Korea 10K",,"Còn tồn","0.565","0","0.565","0","300","0","0","1469","Phần Mềm Vàng","2HOANGKIM2","2VANG10K","46036.5693602662"
"I7600249","Bông 10KO2","TTM","Vàng Korea 10K",,"Còn tồn","0.534","0","0.534","0","300","0","0","1388.4","Phần Mềm Vàng","2HOANGKIM2","2VANG10K","46036.5693739583"
"I7600251","Bông 10KO2","TTM","Vàng Korea 10K",,"Còn tồn","0.455","0","0.455","0","300","0","0","1365","Phần Mềm Vàng","2HOANGKIM2","2VANG10K","46036.5693790509"
"I7600252","Bông 10KO2","TTM","Vàng Korea 10K",,"Còn tồn","0.524","0","0.524","0","300","0","0","1304.76","Phần Mềm Vàng","2HOANGKIM2","2VANG10K","46036.5693837153"
"I7600253","Bông 10KO2","TTM","Vàng Korea 10K",,"Còn tồn","0.46","0","0.46","0","300","0","0","1168.4","Phần Mềm Vàng","2HOANGKIM2","2VANG10K","46036.5693694444"
"I7600254","Nhẫn 10kO2","TTM","Vàng Korea 10K",,"Còn tồn","0.5055","0","0.5055","0","300","0","0","2628.6","Phần Mềm Vàng","2HOANGKIM2","2VANG10K","46036.5693748495"
"I7600255","Nhẫn 10k2","TTM","Vàng 10K",,"Còn tồn","0.295","0","0.295","0","250","0","0","1534","Phần Mềm Vàng","2HOANGKIM2","2VANG10K","46036.5693894329"
"I7600257","Bông 10KO2","TTM","Vàng 10k Ý",,"Còn tồn","0.725","0","0.725","0","250","0","0","1776.25","Phần Mềm Vàng","2HOANGKIM2","2VANG10K","46036.5693613079"
"I7600258","Bông 10KO2","TTM","Vàng 10k Ý",,"Còn tồn","0.755","0","0.755","0","250","0","0","1879.95","Phần Mềm Vàng","2HOANGKIM2","2VANG10K","46036.5693631134"
"I7600260","Bông 10KO2","TTM","Vàng Korea 10K",,"Còn tồn","0.5525","0","0.5525","0","250","0","0","1404.455","Phần Mềm Vàng","2HOANGKIM2","2VANG10K","46036.5693699421"
"I7600263","Bông 1N2","TTM","Vàng 10K",,"Còn tồn","0.4","0","0.4","0","250","0","0","2000","Phần Mềm Vàng","2HOANGKIM2","2VANG10K","46036.5693648148"
"I7600265","Bông 10K2","TTM","Vàng 10K",,"Còn tồn","0.5015","0","0.5015","0","250","0","0","2507.5","Phần Mềm Vàng","2HOANGKIM2","2VANG10K","46036.5693817477"
"I7600266","Bông 10N2","TTM","Vàng 10K",,"Còn tồn","0.44","0.001","0.439","0","250","0","0","2195","Phần Mềm Vàng","2HOANGKIM2","2VANG10K","46036.5693607639"
"I7600267","Bông 10N2","TTM","Vàng 10K",,"Còn tồn","0.25","0","0.25","0","200","0","0","1250","Phần Mềm Vàng","2HOANGKIM2","2VANG10K","46036.5693744213"
"I7600268","Bông 10K2","TTM","Vàng 10K",,"Còn tồn","0.232","0","0.232","0","200","0","0","1160","Phần Mềm Vàng","2HOANGKIM2","2VANG10K","46036.5693619213"
"I7600269","Bông 10Y2","TTM","Vàng 10k Ý",,"Còn tồn","0.4","0","0.4","0","250","0","0","2000","Phần Mềm Vàng","2HOANGKIM2","2VANG10K","46036.5693943634"
"I7600271","Bông 10N2","TTM","Vàng 10K",,"Còn tồn","0.325","0.005","0.32","0","250","0","0","1600","Phần Mềm Vàng","2HOANGKIM2","2VANG10K","46036.5693664005"
"I7600272","Bông 10N2","TTM","Vàng 10K",,"Còn tồn","0.266","0.006","0.26","0","250","0","0","1300","Phần Mềm Vàng","2HOANGKIM2","2VANG10K","46036.5693800579"
"I7600273","Bông 10N2","TTM","Vàng 10K",,"Còn tồn","0.366","0.016","0.35","0","250","0","0","1400","Phần Mềm Vàng","2HOANGKIM2","2VANG10K","46036.5693754282"
"I7600274","Bông 10N2","TTM","Vàng 10K",,"Còn tồn","0.322","0.005","0.317","0","250","0","0","1268","Phần Mềm Vàng","2HOANGKIM2","2VANG10K","46036.5693949421"
"I7600275","Bông 10N2","TTM","Vàng 10K",,"Còn tồn","0.266","0.022","0.244","0","250","0","0","976","Phần Mềm Vàng","2HOANGKIM2","2VANG10K","46036.5693889699"
"I7600276","Bông 10K2","TTM","Vàng 10K",,"Còn tồn","0.319","0.02","0.299","0","250","0","0","1196","Phần Mềm Vàng","2HOANGKIM2","2VANG10K","46036.5693669329"
"I7600279","Bông 10Y2","TTM","Vàng Korea 10K",,"Còn tồn","0.56","0.012","0.548","0","350","0","0","2849.6","Phần Mềm Vàng","2HOANGKIM2","2VANG10K","46036.569359375"
"I7600281","Bông 10K2","TTM","Vàng Korea 10K",,"Còn tồn","0.735","0","0.735","0","300","0","0","2205","Phần Mềm Vàng","2HOANGKIM2","2VANG10K","46036.5693673958"
"I7600282","Bông 10N2","TTM","Vàng 10K",,"Còn tồn","0.4955","0.005","0.4905","0","220","0","0","2452.5","Phần Mềm Vàng","2HOANGKIM2","2VANG10K","46036.5693807523"
"I7600283","Bông 10N2","TTM","Vàng 10K",,"Còn tồn","0.858","0","0.858","0","250","0","0","4461.6","Phần Mềm Vàng","2HOANGKIM2","2VANG10K","46036.5693689005"
"I7600284","Bông 10N2","TTM","Vàng 10K",,"Còn tồn","0.798","0.049","0.749","0","250","0","0","3894.8","Phần Mềm Vàng","2HOANGKIM2","2VANG10K","46036.5693652778"
"I7600285","Bông 10N2","TTM","Vàng 10K",,"Còn tồn","0.3455","0","0.3455","0","200","0","0","1796.6","Phần Mềm Vàng","2HOANGKIM2","2VANG10K","46036.569359838"
"I7600286","Bông 10N2","TTM","Vàng 10K",,"Còn tồn","0.626","0.02","0.606","0","200","0","0","3151.2","Phần Mềm Vàng","2HOANGKIM2","2VANG10K","46036.5693921644"
"I7600287","Bông 10K2","TTM","Vàng 10K",,"Còn tồn","0.719","0","0.719","0","250","0","0","3738.8","Phần Mềm Vàng","2HOANGKIM2","2VANG10K","46036.5693885069"
"I7600288","Bông 10K2","TTM","Vàng 10K",,"Còn tồn","0.15","0","0.15","0","250","0","0","780","Phần Mềm Vàng","2HOANGKIM2","2VANG10K","46036.5693822106"
"I7600289","Bông 10N2","TTM","Vàng 10K",,"Còn tồn","0.222","0","0.222","0","200","0","0","1154.4","Phần Mềm Vàng","2HOANGKIM2","2VANG10K","46036.5693879977"
"I7600291","Bông 10K2","TTM","Vàng 10K",,"Còn tồn","0.218","0","0.218","0","200","0","0","1090","Phần Mềm Vàng","2HOANGKIM2","2VANG10K","46036.569378588"
"I7600292","Bông 10N2","TTM","Vàng 10K",,"Còn tồn","0.618","0.049","0.569","0","200","0","0","2958.8","Phần Mềm Vàng","2HOANGKIM2","2VANG10K","46036.5693734954"
"I7600294","Bông 10K2","TTM","Vàng 10K",,"Còn tồn","0.352","0.08","0.272","0","200","0","0","1088","Phần Mềm Vàng","2HOANGKIM2","2VANG10K","46036.5693847569"
"I7600295","Dây 10K","TTM","Vàng 10K",,"Còn tồn","1.12","0","1.12","0","450","40","0","7499.2","Phần Mềm Vàng","2HOANGKIM2","2VANG10K","46040.5636947106"
"I7600296","Lắc10K","TTM","Vàng 10K",,"Còn tồn","0.64","0","0.64","0","450","110","0","4372.4","Phần Mềm Vàng","2HOANGKIM2","2VANG10K","46040.5636956829"
"I7600297","Bông 10K","TTM","Vàng 10K",,"Còn tồn","0.742","0.02","0.722","0","300","0","0","4259.8","Phần Mềm Vàng","2HOANGKIM2","2VANG10K","46040.563694213"
"I7600301","Nhẫn10K2","TTM","Vàng 10K",,"Còn tồn","1.057","0.36","0.697","0","450","0","0","3485","Phần Mềm Vàng","2HOANGKIM2","2VANG10K","46056.5891331366"
"I7600302","Lắc 10N1","TTM","Vàng 10k Ý",,"Còn tồn","0.272","0","0.272","0","350","0","0","1686.4","Phần Mềm Vàng","2HOANGKIM2","2VANG10K","46057.6558153935"
"I7600303","Lắc 10N1","TTM","Vàng 10K",,"Còn tồn","0.522","0","0.522","0","350","0","0","3132","Phần Mềm Vàng","2HOANGKIM2","2VANG10K","46057.6558015394"
"I7600304","Lắc 10N1","TTM","Vàng 10K",,"Còn tồn","0.37","0","0.37","0","450","0","0","2220","Phần Mềm Vàng","2HOANGKIM2","2VANG10K","46057.6558148495"
"I7600308","Bông 10K2","TTM","Vàng 10K",,"Còn tồn","0.19","0","0.19","0","200","0","0","1425","Phần Mềm Vàng","2HOANGKIM2","2VANG10K","46058.5709170949"
"I7600313","Nhẫn 10k2","TTM","Vàng 10K",,"Còn tồn","0.3985","0.0185","0.38","0","450","40","0","2396.38","Phần Mềm Vàng","2HOANGKIM2","2VANG10K","46066.6197884607"
"I7600316","Nhẫn Trơn 10k2","TTM","Vàng 10K",,"Còn tồn","0.104","0","0.104","0","200","0","0","777.92","Phần Mềm Vàng","2HOANGKIM2","2VANG10K","46068.7979657755"
"I7600331","Nhẫn 10k","TTM","Vàng 10K",,"Còn tồn","0.29","0","0.29","0","400","30","0","2268.8","Phần Mềm Vàng","2HOANGKIM2","2VANG10K","46077.5394536227"
"I7600332","Nhẫn 10k","TTM","Vàng 10K",,"Còn tồn","0.29","0","0.29","0","400","30","0","2268.8","Phần Mềm Vàng","2HOANGKIM2","2VANG10K","46077.5394629282"
"I7600334","Nhẫn 10k","TTM","Vàng 10K",,"Còn tồn","0.3","0","0.3","0","400","30","0","2346","Phần Mềm Vàng","2HOANGKIM2","2VANG10K","46077.5394611458"
"I7600337","Nhẫn 10k","TTM","Vàng 10K",,"Còn tồn","0.27","0","0.27","0","400","30","0","2114.4","Phần Mềm Vàng","2HOANGKIM2","2VANG10K","46077.5394564815"
"I7600341","Nhẫn Ngựa K2","TTM","Vàng 10K",,"Còn tồn","0.284","0","0.284","0","220","0","0","2186.8","Phần Mềm Vàng","2HOANGKIM2","2VANG10K","46077.5394696412"
"I7600344","Nhẫn XOẮN K2","TTM","Vàng 10K",,"Còn tồn","0.132","0","0.132","0","200","0","0","1016.4","Phần Mềm Vàng","2HOANGKIM2","2VANG10K","46077.5394706018"
"I7600345","Nhẫn XOẮN K2","TTM","Vàng 10K",,"Còn tồn","0.134","0","0.134","0","200","0","0","1031.8","Phần Mềm Vàng","2HOANGKIM2","2VANG10K","46077.5394522338"
"I7600348","Lắc TrƠN 10K2","TTM","Vàng 10K",,"Còn tồn","1.17","0","1.17","0","250","0","0","7254","Phần Mềm Vàng","2HOANGKIM2","2VANG10K","46084.7970748843"
"I7600349","Lắc  te","TTM","Vàng 10K",,"Còn tồn","0.346","0","0.346","0","250","0","0","2145.2","Phần Mềm Vàng","2HOANGKIM2","2VANG10K","46084.7970739583"
"I7600352","Dây10yn","TTM","Vàng 10k Ý",,"Còn tồn","0.478","0","0.478","0","350","0","0","2963.6","Phần Mềm Vàng","2HOANGKIM2","2VANG10K","46084.7970696412"
"I7600353","Nhẫn 10N2","TTM","Vàng 10K",,"Còn tồn","0.372","0","0.372","0","250","0","0","2306.4","Phần Mềm Vàng","2HOANGKIM2","2VANG10K","46084.7970724884"
"I7600355","Nhẫn 10N2","TTM","Vàng 10K",,"Còn tồn","0.386","0.006","0.38","0","250","0","0","2356","Phần Mềm Vàng","2HOANGKIM2","2VANG10K","46084.7970774653"
"I7600356","Nhẫn 10N2","TTM","Vàng 10K",,"Còn tồn","0.32","0.02","0.3","0","250","0","0","1860","Phần Mềm Vàng","2HOANGKIM2","2VANG10K","46084.7970704861"
"I7600357","Nhẫn 10N2","TTM","Vàng 10K",,"Còn tồn","0.358","0.008","0.35","0","250","0","0","2170","Phần Mềm Vàng","2HOANGKIM2","2VANG10K","46084.7970760417"
"I7600359","Nhẫn 10N2","TTM","Vàng 10K",,"Còn tồn","1.104","0.24","0.864","0","250","0","0","5356.8","Phần Mềm Vàng","2HOANGKIM2","2VANG10K","46084.7970701042"
"I7600362","Nhẫn Túi Tiền 10K","TTM","Vàng 10K",,"Còn tồn","0.33","0","0.33","0","580","280","0","2830.9","Phần Mềm Vàng","2HOANGKIM2","2VANG10K","46091.5276019676"
"I7600363","Nhẫn Túi Tiền 10K","TTM","Vàng 10K",,"Còn tồn","0.26","0","0.26","0","580","280","0","2289.8","Phần Mềm Vàng","2HOANGKIM2","2VANG10K","46091.527600081"
"I7600364","Nhẫn Túi Tiền 10K","TTM","Vàng 10K",,"Còn tồn","0.27","0","0.27","0","580","280","0","2367.1","Phần Mềm Vàng","2HOANGKIM2","2VANG10K","46091.5276009259"
"I7600365","Nhẫn Túi Tiền 10K","TTM","Vàng 10K",,"Còn tồn","0.36","0","0.36","0","580","280","0","3062.8","Phần Mềm Vàng","2HOANGKIM2","2VANG10K","46091.5276030093"
"I7600367","Nhẫn 10k","TTM","Vàng 10K",,"Còn tồn","0.1985","0","0.1985","0","200","0","0","1230.7","Phần Mềm Vàng","2HOANGKIM2","2VANG10K","46095.9304471412"
"I7600368","Nhẫn 10k","TTM","Vàng 10K",,"Còn tồn","0.204","0","0.204","0","200","0","0","1264.8","Phần Mềm Vàng","2HOANGKIM2","2VANG10K","46095.9304511574"
"I7600370","Nhẫn 10k","TTM","Vàng 10K",,"Còn tồn","0.206","0","0.206","0","200","0","0","1277.2","Phần Mềm Vàng","2HOANGKIM2","2VANG10K","46095.9304515856"
"I7600372","Nhẫn 10k","TTM","Vàng 10K",,"Còn tồn","0.2135","0.012","0.2015","0","200","0","0","1249.3","Phần Mềm Vàng","2HOANGKIM2","2VANG10K","46095.9304475694"
"I7600373","Lắc 10N2","TTM","Vàng 10K",,"Còn tồn","0.37","0","0.37","0","450","0","0","2294","Phần Mềm Vàng","2HOANGKIM2","2VANG10K","46098.9151445949"
"I7600374","Lắc 10N2","TTM","Vàng 10K",,"Còn tồn","0.628","0","0.628","0","200","0","0","3893.6","Phần Mềm Vàng","2HOANGKIM2","2VANG10K","46098.9151393866"
"I7600378","Lắc 10N2","TTM","Vàng 10k Ý",,"Còn tồn","1.84","0","1.84","0","450","0","0","11408","Phần Mềm Vàng","2HOANGKIM2","2VANG10K","46098.9151472222"
"I7600381","Nhẫn 10N2","TTM","Vàng 10K",,"Còn tồn","0.116","0","0.116","0","200","0","0","707.6","Phần Mềm Vàng","2HOANGKIM2","2VANG10K","46098.9151330671"
"I7600382","Nhẫn 10N2","TTM","Vàng 10K",,"Còn tồn","0.186","0","0.186","0","200","0","0","1134.6","Phần Mềm Vàng","2HOANGKIM2","2VANG10K","46098.9151435185"
"I7600383","Nhẫn 10N2","TTM","Vàng 10K",,"Còn tồn","0.346","0.01","0.336","0","250","0","0","2049.6","Phần Mềm Vàng","2HOANGKIM2","2VANG10K","46098.9151431366"
"I7600384","Nhẫn 10N2","TTM","Vàng 10K",,"Còn tồn","0.592","0.092","0.5","0","450","0","0","3050","Phần Mềm Vàng","2HOANGKIM2","2VANG10K","46098.9151459144"
"I7600387","Nhẫn 10N2","TTM","Vàng 10K",,"Còn tồn","0.238","0.004","0.234","0","200","0","0","1427.4","Phần Mềm Vàng","2HOANGKIM2","2VANG10K","46098.915146794"
"I7600388","Bông 10N2","TTM","Vàng 10K",,"Còn tồn","0.216","0.006","0.21","0","200","0","0","1281","Phần Mềm Vàng","2HOANGKIM2","2VANG10K","46098.9151417477"
"I7600389","Bông 10N2","TTM","Vàng 10K",,"Còn tồn","0.344","0.004","0.34","0","200","0","0","2074","Phần Mềm Vàng","2HOANGKIM2","2VANG10K","46098.9151450232"
"I7600390","Bông 10N2","TTM","Vàng 10k Ý",,"Còn tồn","0.306","0","0.306","0","200","0","0","1897.2","Phần Mềm Vàng","2HOANGKIM2","2VANG10K","46098.9151403125"
"I7600393","Lắc Ko102","TTM","Vàng Korea 10K",,"Còn tồn","1.4","0","1.4","0","300","0","0","8680","Phần Mềm Vàng","2HOANGKIM2","2VANG10K","46109.5536881944"
"I7600395","Dây 10N2","TTM","Vàng 10K",,"Còn tồn","0.964","0.02","0.944","0","350","0","0","5852.8","Phần Mềm Vàng","2HOANGKIM2","2VANG10K","46109.5536841088"
"I7600396","Nhẫn 10N2","TTM","Vàng 10K",,"Còn tồn","0.332","0.002","0.33","0","250","0","0","2046","Phần Mềm Vàng","2HOANGKIM2","2VANG10K","46109.5536861458"
"I7600397","Bông 10N2","TTM","Vàng 10K",,"Còn tồn","0.336","0.006","0.33","0","199","0","0","2046","Phần Mềm Vàng","2HOANGKIM2","2VANG10K","46109.5536873843"
"I7600398","Bông 10N2","TTM","Vàng 10K",,"Còn tồn","0.236","0","0.236","0","200","0","0","1463.2","Phần Mềm Vàng","2HOANGKIM2","2VANG10K","46109.5536855671"
"I7600399","Bông 10N2","TTM","Vàng 10K",,"Còn tồn","0.432","0.03","0.402","0","200","0","0","2492.4","Phần Mềm Vàng","2HOANGKIM2","2VANG10K","46109.5536867708"
"I7600401","Bông 10K2","TTM","Vàng 10K",,"Còn tồn","0.196","0","0.196","0","200","0","0","1354.36","Phần Mềm Vàng","2HOANGKIM2","2VANG10K","46122.4851626157"
"I7600403","Bông 10K2","TTM","Vàng 10K",,"Còn tồn","0.192","0","0.192","0","200","0","0","1326.72","Phần Mềm Vàng","2HOANGKIM2","2VANG10K","46122.4851605324"
"I7600407","Lắc Tay 10K ý","TTM","Vàng 10k Ý",,"Còn tồn","0.378","0","0.378","0","350","0","0","2759.4","Phần Mềm Vàng","2HOANGKIM2","2VANG10K","46122.4851633102"
"I7600409","Bông 10N2","TTM","Vàng 10K",,"Còn tồn","0.302","0.002","0.3","0","200","0","0","1800","Phần Mềm Vàng","2HOANGKIM2","2VANG10K","46124.5815450231"
"I7600411","Nhẫn 10N2","TTM","Vàng 10K",,"Còn tồn","0.224","0.004","0.22","0","200","0","0","1320","Phần Mềm Vàng","2HOANGKIM2","2VANG10K","46124.5815445255"
"I7600413","Nhẫn 10N2","TTM","Vàng 10K",,"Còn tồn","0.106","0","0.106","0","200","0","0","636","Phần Mềm Vàng","2HOANGKIM2","2VANG10K","46124.5815434028"
"I7600418","Bong","TTM","Vàng 10K",,"Còn tồn","0.27","0","0.27","0","350","10","0","1873","Phần Mềm Vàng","2HOANGKIM2","2VANG10K","46137.4800869213"
"I7600423","Bong","TTM","Vàng 10K",,"Còn tồn","0.152","0","0.152","0","200","0","0","1045.76","Phần Mềm Vàng","2HOANGKIM2","2VANG10K","46137.4800857639"
"I7600424","Bong","TTM","Vàng 10K",,"Còn tồn","0.176","0","0.176","0","200","0","0","1210.88","Phần Mềm Vàng","2HOANGKIM2","2VANG10K","46137.4800865394"
"I7600426","Bông","TTM","Vàng 10K",,"Còn tồn","0.32","0.02","0.3","0","250","0","0","1770","Phần Mềm Vàng","2HOANGKIM2","2VANG10K","46143.4976217593"
"I7600427","Bông","TTM","Vàng 10K",,"Còn tồn","0.314","0.09","0.224","0","250","0","0","1321.6","Phần Mềm Vàng","2HOANGKIM2","2VANG10K","46143.4976168981"
"I7600428","Lắc","TTM","Vàng 10K",,"Còn tồn","0.544","0","0.544","0","220","0","0","3209.6","Phần Mềm Vàng","2HOANGKIM2","2VANG10K","46143.4976253472"
"I7600430","Nhẫn 10N2","TTM","Vàng 10K",,"Còn tồn","0.662","0.062","0.6","0","200","0","0","3540","Phần Mềm Vàng","2HOANGKIM2","2VANG10K","46143.4976194792"
"I7600431","Nhẫn 10N2","TTM","Vàng 10K",,"Còn tồn","0.518","0.008","0.51","0","200","0","0","3009","Phần Mềm Vàng","2HOANGKIM2","2VANG10K","46143.4976185995"
"I7600432","Nhẫn 10N2","TTM","Vàng 10K",,"Còn tồn","0.382","0.024","0.358","0","200","0","0","2112.2","Phần Mềm Vàng","2HOANGKIM2","2VANG10K","46143.4976230324"
"I7600433","Nhẫn 10N2","TTM","Vàng Korea 10K",,"Còn tồn","0.33","0","0.33","0","200","0","0","1947","Phần Mềm Vàng","2HOANGKIM2","2VANG10K","46143.4976225694"
"I7600434","Nhẫn 10N2","TTM","Vàng 10K",,"Còn tồn","0.364","0.004","0.36","0","200","0","0","2124","Phần Mềm Vàng","2HOANGKIM2","2VANG10K","46143.4976136574"
"I7600435","Nhẫn 10N2","TTM","Vàng 10K",,"Còn tồn","0.11","0","0.11","0","200","0","0","649","Phần Mềm Vàng","2HOANGKIM2","2VANG10K","46143.4976190162"
"I7600436","Nhẫn 10N2","TTM","Vàng 10K",,"Còn tồn","0.11","0","0.11","0","200","0","0","649","Phần Mềm Vàng","2HOANGKIM2","2VANG10K","46143.4976240741"
"I7600437","Nhẫn 10N2","TTM","Vàng 10K",,"Còn tồn","0.272","0","0.272","0","220","0","0","1604.8","Phần Mềm Vàng","2HOANGKIM2","2VANG10K","46143.4976245023"
"I7600438","Nhẫn 10N2","TTM","Vàng 10K",,"Còn tồn","0.636","0.1","0.536","0","350","0","0","3162.4","Phần Mềm Vàng","2HOANGKIM2","2VANG10K","46143.4976235764"
"I7600440","Bong","TTM","Vàng 10K",,"Còn tồn","0.242","0","0.242","0","250","0","0","1694","Phần Mềm Vàng","2HOANGKIM2","2VANG10K","46150.393649919"
"I7600443","Btmc","TTM","Vàng 10K",,"Còn tồn","0.25","0","0.25","0","200","0","0","1690","Phần Mềm Vàng","2HOANGKIM2","2VANG10K","46156.6822974537"
"I7600446","Bong","TTM","Vàng 10K",,"Còn tồn","0.24","0","0.24","0","200","0","0","1622.4","Phần Mềm Vàng","2HOANGKIM2","2VANG10K","46156.6822928588"
"I7600451","Lắc AU","TTM","Vàng 10k Ý",,"Còn tồn","0.398","0","0.398","0","350","0","0","2746.2","Phần Mềm Vàng","2HOANGKIM2","2VANG10K","46165.5035944097"
"I7600456","Bôn g 10k","TTM","Vàng 10K",,"Còn tồn","0.346","0.006","0.34","0","200","0","0","2216.8","Phần Mềm Vàng","2HOANGKIM2","2VANG10K","46167.4695895833"
"I7600458","Mặt 10N2","TTM","Vàng 10K",,"Còn tồn","0.44","0.005","0.435","0","350","0","0","2349","Phần Mềm Vàng","2HOANGKIM2","2VANG10K","46168.813718669"
"I7600459","Dây 10N2","TTM","Vàng 10K",,"Còn tồn","0.922","0","0.922","0","200","0","0","4978.8","Phần Mềm Vàng","2HOANGKIM2","2VANG10K","46168.8137168981"
"I7600460","Nhẫn 10N2","TTM","Vàng 10K",,"Còn tồn","0.4","0","0.4","0","350","0","0","2160","Phần Mềm Vàng","2HOANGKIM2","2VANG10K","46168.8137190972"
"I7600466","Lắc 10k","TTM","Vàng 10K",,"Còn tồn","0.66","0.029","0.631","0","350","0","0","4082.57","Phần Mềm Vàng","2HOANGKIM2","2VANG10K","46174.5066538194"
"I7600468","Lắc Ý 10K","TTM","Vàng 10k Ý",,"Còn tồn","0.268","0","0.268","0","350","0","0","1822.4","Phần Mềm Vàng","2HOANGKIM2","2VANG10K","46174.5066521991"
"I7600469","Lắc Ý 10K","TTM","Vàng 10k Ý",,"Còn tồn","0.27","0","0.27","0","350","0","0","1836","Phần Mềm Vàng","2HOANGKIM2","2VANG10K","46174.5066534375"
"I7600471","Lắc 10k2","TTM","Vàng 10k Ý",,"Còn tồn","0.4","0","0.4","0","350","0","0","2728","Phần Mềm Vàng","2HOANGKIM2","2VANG10K","46177.6397"
"I7600472","Lắc 10k2","TTM","Vàng 10k Ý",,"Còn tồn","0.464","0","0.464","0","350","0","0","3164.48","Phần Mềm Vàng","2HOANGKIM2","2VANG10K","46177.6397007755"
"I7600476","Lắc Ý 10K","TTM","Vàng 10k Ý",,"Còn tồn","0.958","0","0.958","0","350","0","0","6466.5","Phần Mềm Vàng","2HOANGKIM2","2VANG10K","46182.510515706"
"I7600479","Lắc","TTM","Vàng 10k Ý",,"Còn tồn","0.37","0","0.37","0","350","0","0","2479","Phần Mềm Vàng","2HOANGKIM2","2VANG10K","46184.5633200231"
"I7600480","Lắc","TTM","Vàng 10k Ý",,"Còn tồn","0.372","0","0.372","0","350","0","0","2492.4","Phần Mềm Vàng","2HOANGKIM2","2VANG10K","46184.5633196412"
"I7600483","Day","TTM","Vàng 10k Ý",,"Còn tồn","0.642","0","0.642","0","350","0","0","4301.4","Phần Mềm Vàng","2HOANGKIM2","2VANG10K","46184.5633173611"
"I7600494","Lắc","TTM","Vàng 10K",,"Còn tồn","0.532","0","0.532","0","200","0","0","2766.4","Phần Mềm Vàng","2HOANGKIM2","2VANG10K","46201.4403361458"
"I7600497","Bông ý 10k","TTM","Vàng 10k Ý",,"Còn tồn","0.384","0","0.384","0","350","0","0","2438.4","Phần Mềm Vàng","2HOANGKIM2","2VANG10K","46201.4828980324"
"I7600500","Nhẫn 10N2","TTM","Vàng 10K",,"Còn tồn","1.491","0.3","1.191","0","400","0","0","5955","Phần Mềm Vàng","2HOANGKIM2","2VANG10K","46215.4397671296"
"I7600501","Nhẫn 10N2","TTM","Vàng 10K",,"Còn tồn","0.566","0.06","0.506","0","400","0","0","2530","Phần Mềm Vàng","2HOANGKIM2","2VANG10K","46215.4397675579"
"I7600502","Dây Nam 10K","TTM","Vàng 10K",,"Còn tồn","3.898","0","3.898","0","400","0","0","18710.4","Phần Mềm Vàng","2HOANGKIM2","2VANG10K","46215.4397659722"
"I7600503","Lắc Ý 10K","TTM","Vàng 10k Ý",,"Còn tồn","0.371","0","0.371","0","300","0","0","2337.3","Phần Mềm Vàng","2HOANGKIM2","2VANG10K","46217.6950527778"
"I7600504","Lắc Ý 10K","TTM","Vàng 10k Ý",,"Còn tồn","0.397","0","0.397","0","300","0","0","2501.1","Phần Mềm Vàng","2HOANGKIM2","2VANG10K","46217.6950501968"
"I7600507","Day","TTM","Vàng 10K",,"Còn tồn","0.383","0","0.383","0","450","0","0","2301.83","Phần Mềm Vàng","2HOANGKIM2","2VANG10K","46217.6950513079"
"I7600511","Day","TTM","Vàng 10k Ý",,"Còn tồn","0.769","0","0.769","0","350","0","0","4806.25","Phần Mềm Vàng","2HOANGKIM2","2VANG10K","46218.3908853009"
"I7600514","Nhẫn","TTM","Vàng 10k Ý",,"Còn tồn","1.4","0","1.4","0","0","0","0","7000","Phần Mềm Vàng","2HOANGKIM2","2VANG10K","46219.4021298611"
"I7600515","Bong","TTM","Vàng 10k Ý",,"Còn tồn","0.7495","0","0.7495","0","200","0","0","3747.5","Phần Mềm Vàng","2HOANGKIM2","2VANG10K","46219.4021301736"
"I7600516","Lac","TTM","Vàng 10k Ý",,"Còn tồn","0.797","0","0.797","0","200","0","0","3985","Phần Mềm Vàng","2HOANGKIM2","2VANG10K","46219.4021295139"
"I7600520","Day CNC","TTM","Vàng 10k Ý",,"Còn tồn","0.827","0","0.827","0","350","0","0","5044.7","Phần Mềm Vàng","2HOANGKIM2","2VANG10K","46231.7856890046"
"I7600521","Day CNC","TTM","Vàng 10k Ý",,"Còn tồn","0.5","0","0.5","0","350","0","0","3050","Phần Mềm Vàng","2HOANGKIM2","2VANG10K","46231.7856915509"
"I7600522","Day CNC","TTM","Vàng 10k Ý",,"Còn tồn","0.804","0","0.804","0","350","0","0","4904.4","Phần Mềm Vàng","2HOANGKIM2","2VANG10K","46231.7856922107"
"I7600523","Day CNC","TTM","Vàng 10k Ý",,"Còn tồn","0.704","0","0.704","0","350","0","0","4329.6","Phần Mềm Vàng","2HOANGKIM2","2VANG10K","46231.7856912037"
"I7600525","Lac cnc","TTM","Vàng 10k Ý",,"Còn tồn","0.455","0","0.455","0","350","0","0","2798.25","Phần Mềm Vàng","2HOANGKIM2","2VANG10K","46231.7856800926"
"I7600526","Lac cnc","TTM","Vàng 10k Ý",,"Còn tồn","0.449","0","0.449","0","350","0","0","2761.35","Phần Mềm Vàng","2HOANGKIM2","2VANG10K","46231.785669294"
"I7600527","Lac 10","TTM","Vàng 10K",,"Còn tồn","0.75","0","0.75","0","450","50","0","4512.5","Phần Mềm Vàng","2HOANGKIM2","2VANG10K","46232.636006713"
"I7600528","Lac 10","TTM","Vàng 10K",,"Còn tồn","0.74","0","0.74","0","450","50","0","4453","Phần Mềm Vàng","2HOANGKIM2","2VANG10K","46232.6360060185"
"I7600529","Lac 10N","TTM","Vàng 10K",,"Còn tồn","1.576","0","1.576","0","400","0","0","7880","Phần Mềm Vàng","2HOANGKIM2","2VANG10K","46232.6360040509"
"I7600530","DAY 10N","TTM","Vàng 10K",,"Còn tồn","0.594","0","0.594","0","200","0","0","2970","Phần Mềm Vàng","2HOANGKIM2","2VANG10K","46232.6360072569"
"I7600531","MAT 10N","TTM","Vàng 10K",,"Còn tồn","0.529","0.029","0.5","0","200","0","0","2500","Phần Mềm Vàng","2HOANGKIM2","2VANG10K","46232.6360070255"
"I7600532","Lac cnc","TTM","Vàng 10K",,"Còn tồn","0.364","0","0.364","0","300","0","0","1820","Phần Mềm Vàng","2HOANGKIM2","2VANG10K","46232.6360029745"
"I7600533","Nhan 10KN","TTM","Vàng 10K",,"Còn tồn","0.591","0","0.591","0","250","0","0","2955","Phần Mềm Vàng","2HOANGKIM2","2VANG10K","46232.6360034722"
"I7600534","Nhan 10KN","TTM","Vàng 10K",,"Còn tồn","0.532","0","0.532","0","250","0","0","2660","Phần Mềm Vàng","2HOANGKIM2","2VANG10K","46232.6360049421"
"I7600535","Nhan 10KN","TTM","Vàng 10K",,"Còn tồn","0.316","0.008","0.308","0","250","0","0","1540","Phần Mềm Vàng","2HOANGKIM2","2VANG10K","46232.6360043981"
"I7600536","BONG10KN","TTM","Vàng 10K",,"Còn tồn","0.569","0.06","0.509","0","250","0","0","2545","Phần Mềm Vàng","2HOANGKIM2","2VANG10K","46232.6360064815"
"I7600537","Day Y 10K","TTM","Vàng 10k Ý",,"Còn tồn","0.487","0","0.487","0","350","0","0","2995.05","Phần Mềm Vàng","2HOANGKIM2","2VANG10K","46232.636006331"
"I7600539","Day Y 10K","TTM","Vàng 10k Ý",,"Còn tồn","0.565","0","0.565","0","350","0","0","3474.75","Phần Mềm Vàng","2HOANGKIM2","2VANG10K","46232.6360046296"
"I7600544","Nhẫn Cưới 10K","TTM","Vàng 10K",,"Còn tồn","0.378","0","0.378","0","250","0","0","2228.31","Phần Mềm Vàng","2HOANGKIM2","2VANG10K","46238.3692045486"
"I7600545","Nhẫn Cưới 10K","TTM","Vàng 10K",,"Còn tồn","0.432","0","0.432","0","250","0","0","2546.64","Phần Mềm Vàng","2HOANGKIM2","2VANG10K","46238.3692052083"
"I7600546","Nhẫn Cưới 10K","TTM","Vàng 10K",,"Còn tồn","0.364","0","0.364","0","250","0","0","2145.78","Phần Mềm Vàng","2HOANGKIM2","2VANG10K","46238.3692028935"
"I7600547","Nhẫn Cưới 10K","TTM","Vàng 10K",,"Còn tồn","0.302","0","0.302","0","250","0","0","1780.29","Phần Mềm Vàng","2HOANGKIM2","2VANG10K","46238.3692048611"
"I7600548","Mặt 10k","TTM","Vàng 10K",,"Còn tồn","0.413","0","0.413","0","350","0","0","2457.35","Phần Mềm Vàng","2HOANGKIM2","2VANG10K","46239.4001071759"
"I7600549","Bong","TTM","Vàng 10k Ý",,"Còn tồn","0.311","0","0.311","0","250","0","0","1586.1","Phần Mềm Vàng","2HOANGKIM2","2VANG10K","46239.7187344097"
"I7600550","Bong","TTM","Vàng 10K",,"Còn tồn","0.633","0.052","0.581","0","250","0","0","2905","Phần Mềm Vàng","2HOANGKIM2","2VANG10K","46239.7187341435"
"I7600551","Day","TTM","Vàng 10K",,"Còn tồn","0.429","0","0.429","0","200","0","0","2552.55","Phần Mềm Vàng","2HOANGKIM2","2VANG10K","46242.4597237269"
"I7600555","Lắc dây CNC 10k","TTM","Vàng 10k Ý",,"Còn tồn","0.551","0","0.551","0","300","0","0","3322.53","Phần Mềm Vàng","2HOANGKIM2","2VANG10K","46247.8561893518"
"I7600556","Lắc dây CNC 10k","TTM","Vàng 10k Ý",,"Còn tồn","0.354","0","0.354","0","300","0","0","2134.62","Phần Mềm Vàng","2HOANGKIM2","2VANG10K","46247.8561924421"
"I7600559","Lắc dây CNC 10k","TTM","Vàng 10k Ý",,"Còn tồn","0.322","0","0.322","0","300","0","0","1941.66","Phần Mềm Vàng","2HOANGKIM2","2VANG10K","46247.8561915509"
"I7600562","Nhẫn CNC 10k","TTM","Vàng 10k Ý",,"Còn tồn","0.547","0","0.547","0","300","0","0","3555.5","Phần Mềm Vàng","2HOANGKIM2","2VANG10K","46247.8561905903"
"I7600563","Nhẫn CNC 10k","TTM","Vàng 10K",,"Còn tồn","0.562","0.002","0.56","0","250","0","0","2800","Phần Mềm Vàng","2HOANGKIM2","2VANG10K","46247.8561926736"
"I7600564","Nhẫn CNC 10k","TTM","Vàng 10K",,"Còn tồn","0.64","0.002","0.638","0","250","0","0","3190","Phần Mềm Vàng","2HOANGKIM2","2VANG10K","46247.8561884259"
"I7600566","Lac","TTM","Vàng 10k Ý",,"Còn tồn","0.313","0","0.313","0","350","0","0","1596.3","Phần Mềm Vàng","2HOANGKIM2","2VANG10K","46247.8561929398"
"I7600567","Day","TTM","Vàng 10k Ý",,"Còn tồn","2.799","0","2.799","0","350","0","0","17913.6","Phần Mềm Vàng","2HOANGKIM2","2VANG10K","46247.8561898958"
"I7600570","Day","TTM","Vàng 10k Ý",,"Còn tồn","0.614","0","0.614","0","350","0","0","4052.4","Phần Mềm Vàng","2HOANGKIM2","2VANG10K","46260.7729211806"
"I7600571","Lắc 10N2","TTM","Vàng 10K",,"Còn tồn","1.026","0.026","1","0","350","0","0","5100","Phần Mềm Vàng","2HOANGKIM2","2VANG10K","46261.3796573264"
"I7600572","Lắc 10N2","TTM","Vàng 10K",,"Còn tồn","0.39","0","0.39","0","350","0","0","1989","Phần Mềm Vàng","2HOANGKIM2","2VANG10K","46261.379656169"
"I7600573","Lắc 10N2","TTM","Vàng 10K",,"Còn tồn","0.37","0","0.37","0","350","0","0","1887","Phần Mềm Vàng","2HOANGKIM2","2VANG10K","46261.3796581366"
"I7600575","Lắc 10N2","TTM","Vàng 10k Ý",,"Còn tồn","0.409","0","0.409","0","350","0","0","2454","Phần Mềm Vàng","2HOANGKIM2","2VANG10K","46261.3796495023"
"I7600576","Dây 10K","TTM","Vàng 10K",,"Còn tồn","0.4895","0","0.4895","0","250","0","0","3054.48","Phần Mềm Vàng","2HOANGKIM2","2VANG10K","46270.4850779282"
"I7600577","Dây 10K","TTM","Vàng 10K",,"Còn tồn","0.4855","0","0.4855","0","250","0","0","3029.52","Phần Mềm Vàng","2HOANGKIM2","2VANG10K","46270.4850789352"
"I7600578","Lắc Tròn","TTM","Vàng 10K",,"Còn tồn","0.988","0","0.988","0","350","0","0","6165.12","Phần Mềm Vàng","2HOANGKIM2","2VANG10K","46270.4850734607"
"I7600579","Lắc Tròn","TTM","Vàng 10K",,"Còn tồn","0.675","0","0.675","0","350","0","0","4212","Phần Mềm Vàng","2HOANGKIM2","2VANG10K","46270.4850783912"
"I7600580","Nhẫn Cưới 10K","TTM","Vàng 10K",,"Còn tồn","0.8265","0.002","0.8245","0","350","0","0","4452.3","Phần Mềm Vàng","2HOANGKIM2","2VANG10K","46271.3811807523"
"I7600581","Nhẫn Cưới 10K","TTM","Vàng 10K",,"Còn tồn","0.804","0.004","0.8","0","350","0","0","4320","Phần Mềm Vàng","2HOANGKIM2","2VANG10K","46271.3811846065"
"I7600582","Lắc TrƠN 10K","TTM","Vàng 10K",,"Còn tồn","1.1375","0","1.1375","0","350","0","0","6142.5","Phần Mềm Vàng","2HOANGKIM2","2VANG10K","46271.3811753472"
"I8600002","Dây 18N2","TTM","Vàng Ý 18K",,"Còn tồn","2.3375","0","2.3375","0","300","0","0","11687.5","Phần Mềm Vàng","2HOANGKIM2","2VANG18K","46031.7619753125"
"I8600003","Dây 18N2","TTM","Vàng Ý 18K",,"Còn tồn","1.618","0","1.618","0","300","0","0","12944","Phần Mềm Vàng","2HOANGKIM2","2VANG18K","46031.7619228009"
"I8600004","Dây 18K2","TTM","Vàng Ý 18K",,"Còn tồn","4.726","0","4.726","0","300","0","0","23866.3","Phần Mềm Vàng","2HOANGKIM2","2VANG18K","46031.7619739931"
"I8600005","Nhẫn 18KO2","TTM","Vàng Korea 18k",,"Còn tồn","0.8515","0.13","0.7215","0","300","0","0","3055.553","Phần Mềm Vàng","2HOANGKIM2","2VANG18K","46032.6252319097"
"I8600006","Nhẫn 18KO2","TTM","Vàng Korea 18k",,"Còn tồn","0.997","0","0.997","0","300","0","0","5982","Phần Mềm Vàng","2HOANGKIM2","2VANG18K","46032.6252327546"
"I8600007","Nhẫn 18KO2","TTM","Vàng Korea 18k",,"Còn tồn","0.807","0","0.807","0","300","0","0","3377.295","Phần Mềm Vàng","2HOANGKIM2","2VANG18K","46032.6252290162"
"I8600008","Nhẫn 18KO2","TTM","Vàng Korea 18k",,"Còn tồn","0.926","0","0.926","0","300","0","0","3875.31","Phần Mềm Vàng","2HOANGKIM2","2VANG18K","46032.6252302894"
"I8600009","Nhẫn 18KO2","TTM","Vàng Korea 18k",,"Còn tồn","1.016","0","1.016","0","300","0","0","4251.96","Phần Mềm Vàng","2HOANGKIM2","2VANG18K","46032.6252359954"
"I8600011","Dây 18N2","TTM","Vàng Ý 18K",,"Còn tồn","1.33","0","1.33","0","350","0","0","6650","Phần Mềm Vàng","2HOANGKIM2","2VANG18K","46033.6715123495"
"I8600012","Dây 18N2","TTM","Vàng Ý 18K",,"Còn tồn","1.067","0","1.067","0","350","0","0","8536","Phần Mềm Vàng","2HOANGKIM2","2VANG18K","46033.6715222222"
"I8600013","Dây 18N2","TTM","Vàng Ý 18K",,"Còn tồn","1.105","0","1.105","0","300","0","0","5525","Phần Mềm Vàng","2HOANGKIM2","2VANG18K","46033.671521412"
"I8600014","MẶT 18N2","TTM","Vàng Ý 18K",,"Còn tồn","0.36","0","0.36","0","250","0","0","2880","Phần Mềm Vàng","2HOANGKIM2","2VANG18K","46033.6715175116"
"I8600015","Dây 18N2","TTM","Vàng Ý 18K",,"Còn tồn","0.394","0","0.394","0","200","0","0","3152","Phần Mềm Vàng","2HOANGKIM2","2VANG18K","46033.6715106829"
"I8600016","Mặt 18K2","TTM","Vàng Korea 18k",,"Còn tồn","0.396","0.12","0.276","0","200","0","0","1203.36","Phần Mềm Vàng","2HOANGKIM2","2VANG18K","46033.6715218403"
"I8600017","Dây 18N2","TTM","Vàng Korea 18k",,"Còn tồn","1.798","0","1.798","0","400","0","0","14384","Phần Mềm Vàng","2HOANGKIM2","2VANG18K","46033.6715296644"
"I8600019","Dây 18N2","TTM","Vàng Ý 18K",,"Còn tồn","0.768","0","0.768","0","300","0","0","7296","Phần Mềm Vàng","2HOANGKIM2","2VANG18K","46057.6558029745"
"I8600020","MẶT 18N2","TTM","Vàng Ý 18K",,"Còn tồn","0.614","0","0.614","0","300","0","0","5833","Phần Mềm Vàng","2HOANGKIM2","2VANG18K","46057.6558043634"
"I8600021","Bông 18K2","TTM","Vàng Ý 18K",,"Còn tồn","0.446","0","0.446","0","300","0","0","4237","Phần Mềm Vàng","2HOANGKIM2","2VANG18K","46057.655809838"
"I9500005","Lắc H K2","TTM","Vàng 24K",,"Còn tồn","2.869","0","2.869","0","2869","2237","0","43206.32","Phần Mềm Vàng","2HOANGKIM2","2VANG24K","46007.4088976505"
"I9500014","Nhẫn 1K2","TTM","VANG23K",,"Còn tồn","1","0","1","0","350","125","0","8125","Phần Mềm Vàng","2HOANGKIM2","2VANG24K","46007.5890139236"
"I9500015","Nhẫn 2K2","TTM","VANG23K",,"Còn tồn","2","0","2","0","300","150","0","10330","Phần Mềm Vàng","2HOANGKIM2","2VANG24K","46007.5890263542"
"I9500024","Nhẫn 1K2","TTM","VANG23K",,"Còn tồn","1","0","1","0","300","0","0","8000","Phần Mềm Vàng","2HOANGKIM2","2VANG24K","46007.5890180903"
"I9500025","Nhẫn 1K2","TTM","VANG23K",,"Còn tồn","1","0","1","0","250","100","0","5122","Phần Mềm Vàng","2HOANGKIM2","2VANG24K","46007.5890155093"
"I9500026","Nhẫn 1K2","TTM","VANG23K",,"Còn tồn","1","0","1","0","200","60","0","5278","Phần Mềm Vàng","2HOANGKIM2","2VANG24K","46007.5890107639"
"I9500036","Nhẫn 0.5K2","TTM","VANG23K",,"Còn tồn","0.5","0","0.5","0","160","60","0","2655","Phần Mềm Vàng","2HOANGKIM2","2VANG24K","46007.5890175926"
"I9500037","Nhẫn 1K2","TTM","VANG23K",,"Còn tồn","1","0","1","0","200","60","0","5325","Phần Mềm Vàng","2HOANGKIM2","2VANG24K","46007.5890258102"
"I9500038","Nhẫn 1K2","TTM","VANG23K",,"Còn tồn","1","0","1","0","299","120","0","8120","Phần Mềm Vàng","2HOANGKIM2","2VANG24K","46007.5890136574"
"I9500039","Nhẫn 0.5K2","TTM","VANG23K",,"Còn tồn","0.5","0","0.5","0","160","60","0","2695","Phần Mềm Vàng","2HOANGKIM2","2VANG24K","46007.589021956"
"I9500041","Nhẫn 1K2","TTM","VANG23K",,"Còn tồn","1","0","1","0","200","70","0","5560","Phần Mềm Vàng","2HOANGKIM2","2VANG24K","46007.5890164699"
"I9500042","Nhẫn 1K2","TTM","VANG23K",,"Còn tồn","1","0","1","0","200","70","0","5560","Phần Mềm Vàng","2HOANGKIM2","2VANG24K","46007.5890142014"
"I9500043","Nhẫn 0.5K2","TTM","VANG23K",,"Còn tồn","0.5","0","0.5","0","160","60","0","2805","Phần Mềm Vàng","2HOANGKIM2","2VANG24K","46007.5890157407"
"I9500051","Nhẫn TIM K2","TTM","VANG23K",,"Còn tồn","0.385","0","0.385","0","439","239","0","3704","Phần Mềm Vàng","2HOANGKIM2","2VANG24K","46007.5890162384"
"I9500053","Nhẫn ĐÁ K2","TTM","Vàng 24K",,"Còn tồn","0.376","0","0.376","0","1000","801","0","5689","Phần Mềm Vàng","2HOANGKIM2","2VANG24K","46007.5890121528"
"I9500057","Nhẫn HOA K2","TTM","Vàng 24K",,"Còn tồn","0.4855","0","0.4855","0","550","400","0","4769.5","Phần Mềm Vàng","2HOANGKIM2","2VANG24K","46007.5890252662"
"I9500058","Nhẫn RẮN K2","TTM","Vàng 24K",,"Còn tồn","0.41","0","0.41","0","507","300","0","3990","Phần Mềm Vàng","2HOANGKIM2","2VANG24K","46007.5890123843"
"I9500060","Nhẫn 1 23K2","TTM","VANG23K",,"Còn tồn","1","0","1","0","250","100","0","5222","Phần Mềm Vàng","2HOANGKIM2","2VANG24K","46007.5890239931"
"I9500061","Nhẫn 1N 23K2","TTM","VANG23K",,"Còn tồn","1","0","1","0","200","0","0","9000","Phần Mềm Vàng","2HOANGKIM2","2VANG24K","46007.5890206019"
"I9500062","Nhẫn MẶT ĐÁ ĐỎ 23K2","TTM","VANG23K",,"Còn tồn","1","0","1","0","300","132","0","5482","Phần Mềm Vàng","2HOANGKIM2","2VANG24K","46007.5890152431"
"I9500064","Nhẫn 1c 23K2","TTM","VANG23K",,"Còn tồn","1","0","1","0","300","125","0","12125","Phần Mềm Vàng","2HOANGKIM2","2VANG24K","46007.5890129282"
"I9500066","Nhẫn  K2","TTM","Vàng 24K",,"Còn tồn","0.55","0","0.55","0","570","370","0","7520","Phần Mềm Vàng","2HOANGKIM2","2VANG24K","46007.5890222222"
"I9500067","Nhẫn  K2","TTM","Vàng 24K",,"Còn tồn","0.925","0","0.925","0","925","601","0","8926","Phần Mềm Vàng","2HOANGKIM2","2VANG24K","46007.5890193634"
"I9500087","Lắc CNC 2","TTM","Vàng 24K",,"Còn tồn","2.578","0","2.578","0","2320","1800","0","27580","Phần Mềm Vàng","2HOANGKIM2","2VANG24K","46008.5898103819"
"I9500089","Lắc CNC 2","TTM","Vàng 24K",,"Còn tồn","2.5715","0","2.5715","0","1927","1542","0","24685.5","Phần Mềm Vàng","2HOANGKIM2","2VANG24K","46008.5898088773"
"I9500094","Lắc CNC 2","TTM","Vàng 24K",,"Còn tồn","2.115","0","2.115","0","2100","1797","0","20832","Phần Mềm Vàng","2HOANGKIM2","2VANG24K","46008.5898054051"
"I9500095","Lắc CNC 2","TTM","Vàng 24K",,"Còn tồn","3.23","0","3.23","0","3200","2745","0","41505","Phần Mềm Vàng","2HOANGKIM2","2VANG24K","46008.589809838"
"I9500101","Lắc Bi CNC 2","TTM","Vàng 24K",,"Còn tồn","1.39","0","1.39","0","1390","903","0","17583","Phần Mềm Vàng","2HOANGKIM2","2VANG24K","46009.4724342593"
"I9500104","Dây CNC K2","TTM","Vàng 24K",,"Còn tồn","2.205","0","2.205","0","2090","1700","0","30365","Phần Mềm Vàng","2HOANGKIM2","2VANG24K","46009.4724430556"
"I9500106","Mặt H 2C 23K2","TTM","VANG23K",,"Còn tồn","2","0","2","0","300","0","0","18000","Phần Mềm Vàng","2HOANGKIM2","2VANG24K","46009.4724492708"
"I9500107","Lắc 1N 23K2","TTM","VANG23K",,"Còn tồn","1","0","1","0","300","0","0","10000","Phần Mềm Vàng","2HOANGKIM2","2VANG24K","46009.4724375"
"I9500111","Lắc CNC 2","TTM","Vàng 24K",,"Còn tồn","1.8765","0","1.8765","0","1500","0","0","22518","Phần Mềm Vàng","2HOANGKIM2","2VANG24K","46009.4724470255"
"I9500114","Lắc CNC 2","TTM","Vàng 24K",,"Còn tồn","1.646","0","1.646","0","1500","0","0","21398","Phần Mềm Vàng","2HOANGKIM2","2VANG24K","46009.4724364583"
"I9500117","Lắc CNC 2","TTM","Vàng 24K",,"Còn tồn","2.5387","0","2.5387","0","2500","2157","0","38333.475","Phần Mềm Vàng","2HOANGKIM2","2VANG24K","46009.4724489236"
"I9500119","Lắc CNC 2","TTM","Vàng 24K",,"Còn tồn","1.688","0","1.688","0","1680","1266","0","24054","Phần Mềm Vàng","2HOANGKIM2","2VANG24K","46009.4724390046"
"I9500120","Lắc 1C 23K2","TTM","VANG23K",,"Còn tồn","1","0","1","0","350","200","0","5418","Phần Mềm Vàng","2HOANGKIM2","2VANG24K","46009.4724463773"
"I9500121","Lắc 1C 23K2","TTM","VANG23K",,"Còn tồn","1","0","1","0","300","150","0","5518","Phần Mềm Vàng","2HOANGKIM2","2VANG24K","46009.4724446759"
"I9500122","Lắc CNC 2","TTM","Vàng 24K",,"Còn tồn","1.38933","0","1.38933","0","1389","903","0","20770.419","Phần Mềm Vàng","2HOANGKIM2","2VANG24K","46009.4724351042"
"I9500123","Lắc CNC 2","TTM","Vàng 24K",,"Còn tồn","2.6","0","2.6","0","2600","1820","0","39000","Phần Mềm Vàng","2HOANGKIM2","2VANG24K","46009.4724495718"
"I9500125","Lắc CNC 2","TTM","Vàng 24K",,"Còn tồn","1.95","0","1.95","0","1950","1657","0","27007","Phần Mềm Vàng","2HOANGKIM2","2VANG24K","46009.4724371528"
"I9500128","Lắc CNC 2","TTM","Vàng 24K",,"Còn tồn","2.055","0","2.055","0","2050","1541","0","30311","Phần Mềm Vàng","2HOANGKIM2","2VANG24K","46009.4724475694"
"I9500129","Lắc CNC 2","TTM","Vàng 24K",,"Còn tồn","0.857","0","0.857","0","800","479","0","11620","Phần Mềm Vàng","2HOANGKIM2","2VANG24K","46009.4724460648"
"I9500131","Lắc CNC 2","TTM","Vàng 24K",,"Còn tồn","0.9105","0","0.9105","0","820","509","0","12345.5","Phần Mềm Vàng","2HOANGKIM2","2VANG24K","46009.4724347222"
"I9500133","Lắc CNC 2","TTM","Vàng 24K",,"Còn tồn","2.785","0","2.785","0","2700","2088","0","27153","Phần Mềm Vàng","2HOANGKIM2","2VANG24K","46009.4724427083"
"I9500137","Lắc CNC 2","TTM","Vàng 24K",,"Còn tồn","3.07","0","3.07","0","3000","2500","0","42410","Phần Mềm Vàng","2HOANGKIM2","2VANG24K","46009.4724413542"
"I9500138","Lắc CNC 2","TTM","Vàng 24K",,"Còn tồn","2.18133","0","2.18133","0","2900","2072","0","26066.63","Phần Mềm Vàng","2HOANGKIM2","2VANG24K","46009.4724358449"
"I9500146","Nhẫn Ngựa K2","TTM","Vàng 24K",,"Còn tồn","0.336","0","0.336","0","421","258","0","258","Phần Mềm Vàng","2HOANGKIM2","2VANG24K","46014.7035480671"
"I9500157","Bông CNC 2","TTM","Vàng 24K",,"Còn tồn","0.1","0","0.1","0","300","65","0","65","Phần Mềm Vàng","2HOANGKIM2","2VANG24K","46019.4467899306"
"I9500158","Bông CNC 2","TTM","Vàng 24K",,"Còn tồn","0.1","0","0.1","0","300","65","0","65","Phần Mềm Vàng","2HOANGKIM2","2VANG24K","46019.4467917014"
"I9600030","Nhẫn HOA K2","TTM","VANG23K",,"Còn tồn","1","0","1","0","250","0","0","7000","Phần Mềm Vàng","2HOANGKIM2","2VANG24K","46031.3899658218"
"I9600034","Nhẫn  K2","TTM","VANG23K",,"Còn tồn","1","0","1","0","300","105","0","9105","Phần Mềm Vàng","2HOANGKIM2","2VANG24K","46031.3889523958"
"I9600036","Nhẫn K2","TTM","VANG23K",,"Còn tồn","1","0","1","0","250","80","0","9080","Phần Mềm Vàng","2HOANGKIM2","2VANG24K","46031.388946412"
"I9600037","Nhẫn K2","TTM","VANG23K",,"Còn tồn","1","0","1","0","240","60","0","5278","Phần Mềm Vàng","2HOANGKIM2","2VANG24K","46031.3889584838"
"I9600038","Nhẫn K2","TTM","VANG23K",,"Còn tồn","1","0","1","0","200","60","0","5550","Phần Mềm Vàng","2HOANGKIM2","2VANG24K","46031.3889472569"
"I9600039","Nhẫn K2","TTM","VANG23K",,"Còn tồn","1.5","0","1.5","0","260","60","0","8295","Phần Mềm Vàng","2HOANGKIM2","2VANG24K","46031.3889496528"
"I9600042","Nhẫn K2","TTM","VANG23K",,"Còn tồn","1","0","1","0","300","120","0","5210","Phần Mềm Vàng","2HOANGKIM2","2VANG24K","46031.3889607986"
"I9600043","Nhẫn K2","TTM","VANG23K",,"Còn tồn","1","0","1","0","260","60","0","5200","Phần Mềm Vàng","2HOANGKIM2","2VANG24K","46031.3889527778"
"I9600044","Nhẫn 1N2","TTM","VANG23K",,"Còn tồn","1","0","1","0","260","0","0","6000","Phần Mềm Vàng","2HOANGKIM2","2VANG24K","46031.3889544329"
"I9600046","Nhẫn CNC 2","TTM","Vàng 24K",,"Còn tồn","0.4","0","0.4","0","430","230","0","3830","Phần Mềm Vàng","2HOANGKIM2","2VANG24K","46031.3889415509"
"I9600047","Nhẫn CNC 2","TTM","Vàng 24K",,"Còn tồn","0.415","0","0.415","0","460","300","0","4035","Phần Mềm Vàng","2HOANGKIM2","2VANG24K","46031.3889313657"
"I9600048","Nhẫn CNC 2","TTM","Vàng 24K",,"Còn tồn","0.555","0","0.555","0","477","277","0","5272","Phần Mềm Vàng","2HOANGKIM2","2VANG24K","46031.3889576389"
"I9600063","Mặt 23K2","TTM","VANG23K",,"Còn tồn","0.5","0","0.5","0","270","100","0","2709","Phần Mềm Vàng","2HOANGKIM2","2VANG24K","46031.3889540509"
"I9600066","Dây 23N2","TTM","VANG23K",,"Còn tồn","2","0","2","0","380","0","0","28900","Phần Mềm Vàng","2HOANGKIM2","2VANG24K","46031.3889445602"
"I9600068","Lắc K2","TTM","Vàng 24K",,"Còn tồn","0.39","0","0.39","0","700","500","0","4010","Phần Mềm Vàng","2HOANGKIM2","2VANG24K","46031.3889440972"
"I9600069","Lắc K2","TTM","Vàng 24K",,"Còn tồn","0.395","0","0.395","0","500","0","0","3555","Phần Mềm Vàng","2HOANGKIM2","2VANG24K","46031.388940625"
"I9600072","Dây 24K2","TTM","Vàng 24K",,"Còn tồn","1.915","0","1.915","0","1915","1200","0","18435","Phần Mềm Vàng","2HOANGKIM2","2VANG24K","46031.3889550116"
"I9600073","Dây 24K2","TTM","Vàng 24K",,"Còn tồn","1.995","0","1.995","0","1990","1400","0","27335","Phần Mềm Vàng","2HOANGKIM2","2VANG24K","46031.3889300579"
"I9600076","Mặt Hồ Ly 9999","TTM","Vàng 24K",,"Còn tồn","0.458","0","0.458","0","360","0","0","4122","Phần Mềm Vàng","2HOANGKIM2","2VANG24K","46031.388946875"
"I9600083","Mặt 1K2","TTM","VANG23K",,"Còn tồn","1","0","1","0","390","200","0","7200","Phần Mềm Vàng","2HOANGKIM2","2VANG24K","46031.3889418981"
"I9600084","Lắc CNC","TTM","Vàng 24K",,"Còn tồn","1.525","0","1.525","0","1000","800","0","14525","Phần Mềm Vàng","2HOANGKIM2","2VANG24K","46031.3889364931"
"I9600086","BÁNH GATO K2","TTM","Vàng 24K",,"Còn tồn","0.51","0","0.51","0","510","300","0","4380","Phần Mềm Vàng","2HOANGKIM2","2VANG24K","46031.3889431713"
"I9600087","BÁNH GATO K2","TTM","Vàng 24K",,"Còn tồn","0.575","0","0.575","0","575","300","0","4900","Phần Mềm Vàng","2HOANGKIM2","2VANG24K","46031.3889295949"
"I9600091","Lắc 1K2","TTM","VANG23K",,"Còn tồn","1","0","1","0","550","330","0","8330","Phần Mềm Vàng","2HOANGKIM2","2VANG24K","46031.3889401968"
"I9600092","Lắc 23N2","TTM","VANG23K",,"Còn tồn","2","0","2","0","380","0","0","28000","Phần Mềm Vàng","2HOANGKIM2","2VANG24K","46031.388959375"
"I9600094","Lắc 23K2","TTM","VANG23K",,"Còn tồn","2","0","2","0","360","200","0","16200","Phần Mềm Vàng","2HOANGKIM2","2VANG24K","46031.388956331"
"I9600095","Lắc 23K2","TTM","VANG23K",,"Còn tồn","2","0","2","0","350","230","0","10270","Phần Mềm Vàng","2HOANGKIM2","2VANG24K","46031.3889388079"
"I9600096","Lắc 23K2","TTM","VANG23K",,"Còn tồn","1","0","1","0","350","195","0","8195","Phần Mềm Vàng","2HOANGKIM2","2VANG24K","46031.3889349884"
"I9600097","Lắc 23K2","TTM","VANG23K",,"Còn tồn","1","0","1","0","450","255","0","8255","Phần Mềm Vàng","2HOANGKIM2","2VANG24K","46031.3889455671"
"I9600102","Bông bi 0.5","TTM","VANG23K",,"Còn tồn","5","0","5","0","270","110","0","35110","Phần Mềm Vàng","2HOANGKIM2","2VANG24K","46031.4524094907"
"I9600103","Bông bóng 1.5N","TTM","VANG23K",,"Còn tồn","1.5","0","1.5","0","250","0","0","10500","Phần Mềm Vàng","2HOANGKIM2","2VANG24K","46031.4524013079"
"I9600104","Bông bi 0.5","TTM","VANG23K",,"Còn tồn","1","0","1","0","250","120","0","5500","Phần Mềm Vàng","2HOANGKIM2","2VANG24K","46031.4523983796"
"I9600105","Bông K2","TTM","VANG23K",,"Còn tồn","1","0","1","0","350","250","0","9250","Phần Mềm Vàng","2HOANGKIM2","2VANG24K","46031.4524176736"
"I9600106","Bông 0.5K2","TTM","VANG23K",,"Còn tồn","0.5","0","0.5","0","280","85","0","4585","Phần Mềm Vàng","2HOANGKIM2","2VANG24K","46031.4524166319"
"I9600108","Bông 0.5K2","TTM","VANG23K",,"Còn tồn","0.5","0","0.5","0","300","0","0","7100","Phần Mềm Vàng","2HOANGKIM2","2VANG24K","46031.4524105671"
"I9600109","Bông 0.5K2","TTM","VANG23K",,"Còn tồn","0.5","0","0.5","0","300","150","0","4650","Phần Mềm Vàng","2HOANGKIM2","2VANG24K","46031.4524066319"
"I9600110","Bông 1K2","TTM","VANG23K",,"Còn tồn","1","0","1","0","300","0","0","10000","Phần Mềm Vàng","2HOANGKIM2","2VANG24K","46031.4524041667"
"I9600111","Bông 0.5K2","TTM","VANG23K",,"Còn tồn","0.5","0","0.5","0","280","85","0","5085","Phần Mềm Vàng","2HOANGKIM2","2VANG24K","46031.4524189005"
"I9600112","Bông 1.5N2","TTM","VANG23K",,"Còn tồn","1.5","0","1.5","0","250","0","0","15000","Phần Mềm Vàng","2HOANGKIM2","2VANG24K","46031.4523996528"
"I9600113","Bông 0.5","TTM","VANG23K",,"Còn tồn","0.5","0","0.5","0","250","105","0","2714","Phần Mềm Vàng","2HOANGKIM2","2VANG24K","46031.4524147801"
"I9600116","Bông CNC2","TTM","Vàng 24K",,"Còn tồn","0.75","0","0.75","0","750","500","0","9500","Phần Mềm Vàng","2HOANGKIM2","2VANG24K","46031.4524006134"
"I9600122","Mặt Ruby TN","TTM","VANG23K",,"Còn tồn","0.5","0","0.5","0","1000","640","0","640","Phần Mềm Vàng","2HOANGKIM2","2VANG24K","46031.4524047106"
"I9600123","Mặt 0.5","TTM","VANG23K",,"Còn tồn","0.5","0","0.5","0","250","80","0","2830","Phần Mềm Vàng","2HOANGKIM2","2VANG24K","46031.4524099884"
"I9600124","Mặt 1N2","TTM","VANG23K",,"Còn tồn","1","0","1","0","250","0","0","5500","Phần Mềm Vàng","2HOANGKIM2","2VANG24K","46031.4524001157"
"I9600125","Mặt 1K2","TTM","VANG23K",,"Còn tồn","1","0","1","0","250","90","0","5308","Phần Mềm Vàng","2HOANGKIM2","2VANG24K","46031.4524151968"
"I9600126","Mặt 1K2","TTM","VANG23K",,"Còn tồn","1","0","1","0","250","90","0","5308","Phần Mềm Vàng","2HOANGKIM2","2VANG24K","46031.4524116088"
"I9600127","Mặt 1N2","TTM","VANG23K",,"Còn tồn","1","0","1","0","250","0","0","5500","Phần Mềm Vàng","2HOANGKIM2","2VANG24K","46031.452396412"
"I9600131","Kiềng 3N2","TTM","VANG23K",,"Còn tồn","3","0","3","0","300","0","0","42900","Phần Mềm Vàng","2HOANGKIM2","2VANG24K","46031.4524019676"
"I9600134","Vì thần tài 5LY","TTM","Vàng 24K",,"Còn tồn","0.05","0","0.05","0","399","300","0","1038.5","Phần Mềm Vàng","2HOANGKIM2","2VANG24K","46032.4520153588"
"I9600135","Vì thần tài 5LY","TTM","Vàng 24K",,"Còn tồn","0.05","0","0.05","0","399","300","0","1038.5","Phần Mềm Vàng","2HOANGKIM2","2VANG24K","46032.4520347222"
"I9600137","Vì thần tài 5LY","TTM","Vàng 24K",,"Còn tồn","0.05","0","0.05","0","399","300","0","1038.5","Phần Mềm Vàng","2HOANGKIM2","2VANG24K","46032.4520304398"
"I9600138","Vì thần tài 5LY","TTM","Vàng 24K",,"Còn tồn","0.05","0","0.05","0","399","300","0","1038.5","Phần Mềm Vàng","2HOANGKIM2","2VANG24K","46032.4520386921"
"I9600139","Vì thần tài 5LY","TTM","Vàng 24K",,"Còn tồn","0.05","0","0.05","0","399","300","0","1038.5","Phần Mềm Vàng","2HOANGKIM2","2VANG24K","46032.4520410069"
"I9600140","Vì thần tài 5LY","TTM","Vàng 24K",,"Còn tồn","0.05","0","0.05","0","399","300","0","1038.5","Phần Mềm Vàng","2HOANGKIM2","2VANG24K","46032.4520447569"
"I9600145","Nhẫn Ngựa K2","TTM","Vàng 24K",,"Còn tồn","0.344","0","0.344","0","440","240","0","5314","Phần Mềm Vàng","2HOANGKIM2","2VANG24K","46032.5498934028"
"I9600146","Nhẫn Ngựa K2","TTM","Vàng 24K",,"Còn tồn","0.366","0","0.366","0","440","256","0","5654.5","Phần Mềm Vàng","2HOANGKIM2","2VANG24K","46032.5498951042"
"I9600171","Lì xì 0.1C","TTM","Vàng 24K",,"Còn tồn","0.1","0","0.1","0","399","300","0","1790","Phần Mềm Vàng","2HOANGKIM2","2VANG24K","46036.3792694097"
"I9600172","Lì xì 0.1C","TTM","Vàng 24K",,"Còn tồn","0.1","0","0.1","0","399","300","0","1790","Phần Mềm Vàng","2HOANGKIM2","2VANG24K","46036.3792753472"
"I9600173","Lì xì 0.1C","TTM","Vàng 24K",,"Còn tồn","0.1","0","0.1","0","399","300","0","1790","Phần Mềm Vàng","2HOANGKIM2","2VANG24K","46036.3792865741"
"I9600174","Lì xì 0.1C","TTM","Vàng 24K",,"Còn tồn","0.1","0","0.1","0","399","300","0","1790","Phần Mềm Vàng","2HOANGKIM2","2VANG24K","46036.3792610764"
"I9600175","Lì xì 0.1C","TTM","Vàng 24K",,"Còn tồn","0.1","0","0.1","0","399","300","0","1790","Phần Mềm Vàng","2HOANGKIM2","2VANG24K","46036.3792851505"
"I9600176","Lì xì 0.1C","TTM","Vàng 24K",,"Còn tồn","0.1","0","0.1","0","399","300","0","1790","Phần Mềm Vàng","2HOANGKIM2","2VANG24K","46036.3792952546"
"I9600177","Lì xì 0.1C","TTM","Vàng 24K",,"Còn tồn","0.1","0","0.1","0","399","300","0","1790","Phần Mềm Vàng","2HOANGKIM2","2VANG24K","46036.3792877662"
"I9600180","Lì xì 0.1C","TTM","Vàng 24K",,"Còn tồn","0.1","0","0.1","0","399","300","0","1790","Phần Mềm Vàng","2HOANGKIM2","2VANG24K","46036.3792771991"
"I9600181","Lì xì 5ly","TTM","Vàng 24K",,"Còn tồn","0.05","0","0.05","0","399","300","0","1045","Phần Mềm Vàng","2HOANGKIM2","2VANG24K","46036.3792665509"
"I9600182","Lì xì 5ly","TTM","Vàng 24K",,"Còn tồn","0.05","0","0.05","0","399","300","0","1045","Phần Mềm Vàng","2HOANGKIM2","2VANG24K","46036.3792947917"
"I9600183","Lì xì 5ly","TTM","Vàng 24K",,"Còn tồn","0.05","0","0.05","0","399","300","0","1045","Phần Mềm Vàng","2HOANGKIM2","2VANG24K","46036.3792901273"
"I9600184","Lì xì 5ly","TTM","Vàng 24K",,"Còn tồn","0.05","0","0.05","0","399","300","0","1045","Phần Mềm Vàng","2HOANGKIM2","2VANG24K","46036.3792805208"
"I9600185","Lì xì 5ly","TTM","Vàng 24K",,"Còn tồn","0.05","0","0.05","0","399","300","0","1045","Phần Mềm Vàng","2HOANGKIM2","2VANG24K","46036.3792889236"
"I9600186","Lì xì 5ly","TTM","Vàng 24K",,"Còn tồn","0.05","0","0.05","0","399","300","0","1045","Phần Mềm Vàng","2HOANGKIM2","2VANG24K","46036.3792765856"
"I9600187","Lì xì 5ly","TTM","Vàng 24K",,"Còn tồn","0.05","0","0.05","0","399","300","0","1045","Phần Mềm Vàng","2HOANGKIM2","2VANG24K","46036.3792711806"
"I9600189","Lì xì 5ly","TTM","Vàng 24K",,"Còn tồn","0.05","0","0.05","0","399","300","0","1045","Phần Mềm Vàng","2HOANGKIM2","2VANG24K","46036.3792722569"
"I9600190","Lì xì 5ly","TTM","Vàng 24K",,"Còn tồn","0.05","0","0.05","0","399","300","0","1045","Phần Mềm Vàng","2HOANGKIM2","2VANG24K","46036.3792758912"
"I9600191","Lì xì 5ly","TTM","Vàng 24K",,"Còn tồn","0.05","0","0.05","0","399","300","0","1045","Phần Mềm Vàng","2HOANGKIM2","2VANG24K","46036.3792846065"
"I9600192","Lì xì 5ly","TTM","Vàng 24K",,"Còn tồn","0.05","0","0.05","0","399","300","0","1045","Phần Mềm Vàng","2HOANGKIM2","2VANG24K","46036.3792796644"
"I9600193","Lì xì 5ly","TTM","Vàng 24K",,"Còn tồn","0.05","0","0.05","0","399","300","0","1045","Phần Mềm Vàng","2HOANGKIM2","2VANG24K","46036.3792893519"
"I9600194","Lì xì 5ly","TTM","Vàng 24K",,"Còn tồn","0.05","0","0.05","0","399","300","0","1045","Phần Mềm Vàng","2HOANGKIM2","2VANG24K","46036.3792920139"
"I9600195","Lì xì 5ly","TTM","Vàng 24K",,"Còn tồn","0.05","0","0.05","0","399","300","0","1045","Phần Mềm Vàng","2HOANGKIM2","2VANG24K","46036.3792656597"
"I9600196","Lì xì 5ly","TTM","Vàng 24K",,"Còn tồn","0.05","0","0.05","0","399","300","0","1045","Phần Mềm Vàng","2HOANGKIM2","2VANG24K","46036.3792940625"
"I9600198","Lì xì 5ly","TTM","Vàng 24K",,"Còn tồn","0.05","0","0.05","0","399","300","0","1045","Phần Mềm Vàng","2HOANGKIM2","2VANG24K","46036.3792913542"
"I9600200","Lì xì 5ly","TTM","Vàng 24K",,"Còn tồn","0.05","0","0.05","0","399","300","0","1045","Phần Mềm Vàng","2HOANGKIM2","2VANG24K","46036.3792673264"
"I9600219","Lắc H  cnc","TTM","Vàng 24K",,"Còn tồn","3.955","0","3.955","0","3955","2848","0","62766.25","Phần Mềm Vàng","2HOANGKIM2","2VANG24K","46042.4173957176"
"I9600225","Lắc 2N2","TTM","VANG23K",,"Còn tồn","2","0","2","0","400","0","0","30120","Phần Mềm Vàng","2HOANGKIM2","2VANG24K","46042.6882309375"
"I9600265","Lì xì 0.05C","TTM","Vàng 24K",,"Còn tồn","0.05","0","0.05","0","350","250","0","1052.5","Phần Mềm Vàng","2HOANGKIM2","2VANG24K","46050.5650293171"
"I9600266","Lì xì 0.05C","TTM","Vàng 24K",,"Còn tồn","0.05","0","0.05","0","350","250","0","1052.5","Phần Mềm Vàng","2HOANGKIM2","2VANG24K","46050.5650305556"
"I9600267","Lì xì 0.05C","TTM","Vàng 24K",,"Còn tồn","0.05","0","0.05","0","350","250","0","1052.5","Phần Mềm Vàng","2HOANGKIM2","2VANG24K","46050.5650248843"
"I9600268","Lì xì 0.05C","TTM","Vàng 24K",,"Còn tồn","0.05","0","0.05","0","350","250","0","1052.5","Phần Mềm Vàng","2HOANGKIM2","2VANG24K","46050.5650279745"
"I9600269","Lì xì 0.05C","TTM","Vàng 24K",,"Còn tồn","0.05","0","0.05","0","350","250","0","1052.5","Phần Mềm Vàng","2HOANGKIM2","2VANG24K","46050.5650203356"
"I9600270","Lì xì 0.05C","TTM","Vàng 24K",,"Còn tồn","0.05","0","0.05","0","350","250","0","1052.5","Phần Mềm Vàng","2HOANGKIM2","2VANG24K","46050.5650273958"
"I9600271","Lì xì 0.05C","TTM","Vàng 24K",,"Còn tồn","0.05","0","0.05","0","350","250","0","1052.5","Phần Mềm Vàng","2HOANGKIM2","2VANG24K","46050.5650256134"
"I9600272","Lì xì 0.05C","TTM","Vàng 24K",,"Còn tồn","0.05","0","0.05","0","350","250","0","1052.5","Phần Mềm Vàng","2HOANGKIM2","2VANG24K","46050.5650194444"
"I9600299","Nhẫn CNC 2N","TTM","Vàng 24K",,"Còn tồn","0.506","0","0.506","0","500","0","0","8197.2","Phần Mềm Vàng","2HOANGKIM2","2VANG24K","46053.8677913542"
"I9600307","Nhẫn CNC2","TTM","Vàng 24K",,"Còn tồn","0.334","0","0.334","0","334","210","0","5620.8","Phần Mềm Vàng","2HOANGKIM2","2VANG24K","46054.398537037"
"I9600309","Nhẫn CNC2","TTM","Vàng 24K",,"Còn tồn","0.328","0","0.328","0","328","203","0","5516.6","Phần Mềm Vàng","2HOANGKIM2","2VANG24K","46054.3985304398"
"I9600379","Nhẫn CNC2","TTM","Vàng 24K",,"Còn tồn","0.154","0","0.154","0","299","84","0","2631.16","Phần Mềm Vàng","2HOANGKIM2","2VANG24K","46059.5830417824"
"I9600440","Vỉ Thần Tài 0.1","TTM","Vàng 24K",,"Còn tồn","0.1","0","0.1","0","350","230","0","1909","Phần Mềm Vàng","2HOANGKIM2","2VANG24K","46065.8175939005"
"I9600441","Vỉ Thần Tài 0.1","TTM","Vàng 24K",,"Còn tồn","0.1","0","0.1","0","350","230","0","1909","Phần Mềm Vàng","2HOANGKIM2","2VANG24K","46065.8175871875"
"I9600442","Vỉ Thần Tài 0.1","TTM","Vàng 24K",,"Còn tồn","0.1","0","0.1","0","350","230","0","1909","Phần Mềm Vàng","2HOANGKIM2","2VANG24K","46065.8175892361"
"I9600443","ThẦN TÀI phú quý 2","TTM","Vàng 24K",,"Còn tồn","1","0","1","0","0","0","0","17825","Phần Mềm Vàng","2HOANGKIM2","2VANG24K","46066.4415945255"
"I9600445","ThẦN TÀI phú quý 2","TTM","Vàng 24K",,"Còn tồn","1","0","1","0","0","0","0","17825","Phần Mềm Vàng","2HOANGKIM2","2VANG24K","46066.4415988079"
"I9600451","Kim Phát Tài 0.1","TTM","Vàng 24K",,"Còn tồn","0.1","0","0.1","0","220","120","0","1786","Phần Mềm Vàng","2HOANGKIM2","2VANG24K","46066.4780379977"
"I9600452","Kim Phát Tài 0.1","TTM","Vàng 24K",,"Còn tồn","0.1","0","0.1","0","220","120","0","1786","Phần Mềm Vàng","2HOANGKIM2","2VANG24K","46066.4780418634"
"I9600453","Kim Phát Tài 0.1","TTM","Vàng 24K",,"Còn tồn","0.1","0","0.1","0","220","120","0","1786","Phần Mềm Vàng","2HOANGKIM2","2VANG24K","46066.4780449074"
"I9600454","Kim Phát Tài 0.1","TTM","Vàng 24K",,"Còn tồn","0.1","0","0.1","0","220","120","0","1786","Phần Mềm Vàng","2HOANGKIM2","2VANG24K","46066.4780524306"
"I9600455","Kim Phát Tài 0.1","TTM","Vàng 24K",,"Còn tồn","0.1","0","0.1","0","220","120","0","1786","Phần Mềm Vàng","2HOANGKIM2","2VANG24K","46066.4780228356"
"I9600457","Kim Phát Tài 0.1","TTM","Vàng 24K",,"Còn tồn","0.1","0","0.1","0","220","120","0","1786","Phần Mềm Vàng","2HOANGKIM2","2VANG24K","46066.4780430208"
"I9600460","HỘP HOA 1P","TTM","Vàng 24K",,"Còn tồn","0.1","0","0.1","0","550","350","0","2016","Phần Mềm Vàng","2HOANGKIM2","2VANG24K","46066.4780372685"
"I9600463","HỘP HOA 1P","TTM","Vàng 24K",,"Còn tồn","0.1","0","0.1","0","550","350","0","2016","Phần Mềm Vàng","2HOANGKIM2","2VANG24K","46066.4780345718"
"I9600464","HỘP HOA 1P","TTM","Vàng 24K",,"Còn tồn","0.1","0","0.1","0","550","350","0","2016","Phần Mềm Vàng","2HOANGKIM2","2VANG24K","46066.4780386574"
"I9600479","Vỉ Thần Tài 0.1","TTM","Vàng 24K",,"Còn tồn","0.1","0","0.1","0","350","230","0","1917","Phần Mềm Vàng","2HOANGKIM2","2VANG24K","46066.6197995718"
"I9600480","Vỉ Thần Tài 0.1","TTM","Vàng 24K",,"Còn tồn","0.1","0","0.1","0","350","230","0","1917","Phần Mềm Vàng","2HOANGKIM2","2VANG24K","46066.6197856829"
"I9600481","Vỉ Thần Tài 0.1","TTM","Vàng 24K",,"Còn tồn","0.1","0","0.1","0","350","230","0","1917","Phần Mềm Vàng","2HOANGKIM2","2VANG24K","46066.619812963"
"I9600482","Vỉ Thần Tài 0.1","TTM","Vàng 24K",,"Còn tồn","0.1","0","0.1","0","350","230","0","1917","Phần Mềm Vàng","2HOANGKIM2","2VANG24K","46066.6198072106"
"I9600497","TCTM","TTM","Vàng 24K",,"Còn tồn","0.1","0","0.1","0","350","180","0","1860","Phần Mềm Vàng","2HOANGKIM2","2VANG24K","46067.5977148495"
"I9600498","TCTM","TTM","Vàng 24K",,"Còn tồn","0.1","0","0.1","0","350","180","0","1860","Phần Mềm Vàng","2HOANGKIM2","2VANG24K","46067.5977099537"
"I9600500","TCTM","TTM","Vàng 24K",,"Còn tồn","0.1","0","0.1","0","260","140","0","1845","Phần Mềm Vàng","2HOANGKIM2","2VANG24K","46068.3910958333"
"I9600501","TCTM","TTM","Vàng 24K",,"Còn tồn","0.1","0","0.1","0","260","140","0","1845","Phần Mềm Vàng","2HOANGKIM2","2VANG24K","46068.3910885417"
"I9600502","TCTM","TTM","Vàng 24K",,"Còn tồn","0.1","0","0.1","0","260","140","0","1845","Phần Mềm Vàng","2HOANGKIM2","2VANG24K","46068.3910908218"
"I9600503","TCTM","TTM","Vàng 24K",,"Còn tồn","0.1","0","0.1","0","260","140","0","1845","Phần Mềm Vàng","2HOANGKIM2","2VANG24K","46068.3911047801"
"I9600504","Bông 1N2","TTM","VANG23K",,"Còn tồn","1","0","1","0","300","0","0","16500","Phần Mềm Vàng","2HOANGKIM2","2VANG24K","46068.8684761574"
"I9600525","PNJ2","TTM","Vàng 24K",,"Còn tồn","1","0","1","0","0","0","0","17900","Phần Mềm Vàng","2HOANGKIM2","2VANG24K","46074.7896398958"
"I9600575","Vỉ Thần Tài ht 0.1","TTM","Vàng 24K",,"Còn tồn","0.1","0","0.1","0","350","230","0","1963","Phần Mềm Vàng","2HOANGKIM2","2VANG24K","46076.3975621528"
"I9600576","Vỉ Thần Tài ht 0.1","TTM","Vàng 24K",,"Còn tồn","0.1","0","0.1","0","350","230","0","1963","Phần Mềm Vàng","2HOANGKIM2","2VANG24K","46076.3975439815"
"I9600577","Vỉ Thần Tài ht 0.1","TTM","Vàng 24K",,"Còn tồn","0.1","0","0.1","0","350","230","0","1963","Phần Mềm Vàng","2HOANGKIM2","2VANG24K","46076.3975589931"
"I9600578","Vỉ Thần Tài ht 0.1","TTM","Vàng 24K",,"Còn tồn","0.1","0","0.1","0","350","230","0","1963","Phần Mềm Vàng","2HOANGKIM2","2VANG24K","46076.3975662847"
"I9600579","Vỉ Thần Tài ht 0.1","TTM","Vàng 24K",,"Còn tồn","0.1","0","0.1","0","350","230","0","1963","Phần Mềm Vàng","2HOANGKIM2","2VANG24K","46076.3975724884"
"I9600581","Thẻ 0.2G","TTM","Vàng 24K",,"Còn tồn","0.05333","0","0.05333","0","499","300","0","1235.942","Phần Mềm Vàng","2HOANGKIM2","2VANG24K","46076.7721834491"
"I9600582","Thẻ 0.2G","TTM","Vàng 24K",,"Còn tồn","0.05333","0","0.05333","0","499","300","0","1235.942","Phần Mềm Vàng","2HOANGKIM2","2VANG24K","46076.7721873032"
"I9600583","Thẻ 0.2G","TTM","Vàng 24K",,"Còn tồn","0.05333","0","0.05333","0","499","300","0","1235.942","Phần Mềm Vàng","2HOANGKIM2","2VANG24K","46076.7721816782"
"I9600584","Thẻ 0.2G","TTM","Vàng 24K",,"Còn tồn","0.05333","0","0.05333","0","499","300","0","1235.942","Phần Mềm Vàng","2HOANGKIM2","2VANG24K","46076.7721862269"
"I9600585","Thẻ 0.2G","TTM","Vàng 24K",,"Còn tồn","0.05333","0","0.05333","0","499","300","0","1235.942","Phần Mềm Vàng","2HOANGKIM2","2VANG24K","46076.7721796296"
"I9600586","Thẻ 0.2G","TTM","Vàng 24K",,"Còn tồn","0.05333","0","0.05333","0","499","300","0","1235.942","Phần Mềm Vàng","2HOANGKIM2","2VANG24K","46076.7721807523"
"I9600587","Thẻ 0.2G","TTM","Vàng 24K",,"Còn tồn","0.05333","0","0.05333","0","499","300","0","1235.942","Phần Mềm Vàng","2HOANGKIM2","2VANG24K","46076.7721857639"
"I9600588","Kn2","TTM","Vàng 24K",,"Còn tồn","1","0","1","0","0","0","0","17300","Phần Mềm Vàng","2HOANGKIM2","2VANG24K","46076.8139474537"
"I9600590","ThẦN TÀI 2","TTM","Vàng 24K",,"Còn tồn","1","0","1","0","120","0","0","17300","Phần Mềm Vàng","2HOANGKIM2","2VANG24K","46076.8139435185"
"I9600854","Bông 0.5","TTM","VANG23K",,"Còn tồn","0.5","0","0.5","0","300","0","0","8700","Phần Mềm Vàng","2HOANGKIM2","2VANG24K","46083.5860879282"
"I9600859","DOJI2","TTM","Vàng 24K",,"Còn tồn","1","0","1","0","0","0","0","18600","Phần Mềm Vàng","2HOANGKIM2","2VANG24K","46083.6893079051"
"I9600873","Lắc CNC2","TTM","Vàng 24K",,"Còn tồn","2.57","0","2.57","0","2184","1773","0","47005","Phần Mềm Vàng","2HOANGKIM2","2VANG24K","46084.4091301273"
"I9600874","Lắc CNC2","TTM","Vàng 24K",,"Còn tồn","2.426","0","2.426","0","2160","1675","0","44372.6","Phần Mềm Vàng","2HOANGKIM2","2VANG24K","46084.4091293981"
"I9601085","Nhẫn CNC 2","TTM","Vàng 24K",,"Còn tồn","0.242","0","0.242","0","346","176","0","4426.73","Phần Mềm Vàng","2HOANGKIM2","2VANG24K","46092.9181021991"
"I9601091","Bông hoa K2","TTM","Vàng 24K",,"Còn tồn","0.52","0","0.52","0","500","0","0","8918","Phần Mềm Vàng","2HOANGKIM2","2VANG24K","46095.4432653935"
"I9601093","Dây 2N2","TTM","VANG23K",,"Còn tồn","2","0","2","0","450","0","0","34200","Phần Mềm Vàng","2HOANGKIM2","2VANG24K","46095.4432688657"
"I9601102","Nhẫn CNC2","TTM","Vàng 24K",,"Còn tồn","0.242","0","0.242","0","376","176","0","4426.73","Phần Mềm Vàng","2HOANGKIM2","2VANG24K","46095.443269213"
"I9601108","Nhẫn CNC2","TTM","Vàng 24K",,"Còn tồn","0.136","0","0.136","0","299","99","0","2487.84","Phần Mềm Vàng","2HOANGKIM2","2VANG24K","46095.443275463"
"I9601109","HỘP HOA 1P","TTM","Vàng 24K",,"Còn tồn","0.1","0","0.1","0","550","0","0","1745","Phần Mềm Vàng","2HOANGKIM2","2VANG24K","46095.4555846875"
"I9601110","Thẻ 0.2G","TTM","Vàng 24K",,"Còn tồn","0.05333","0","0.05333","0","499","0","0","930.609","Phần Mềm Vàng","2HOANGKIM2","2VANG24K","46095.4555855671"
"I9601111","Thẻ 0.2G","TTM","Vàng 24K",,"Còn tồn","0.05333","0","0.05333","0","499","0","0","930.609","Phần Mềm Vàng","2HOANGKIM2","2VANG24K","46095.4555850694"
"I9601130","Lắc CNC 2","TTM","Vàng 24K",,"Còn tồn","3.6","0","3.6","0","3600","2736","0","64908","Phần Mềm Vàng","2HOANGKIM2","2VANG24K","46095.9250556366"
"I9601131","Lắc CNC 2","TTM","Vàng 24K",,"Còn tồn","0.7","0","0.7","0","850","455","0","12544","Phần Mềm Vàng","2HOANGKIM2","2VANG24K","46095.9250541667"
"I9601137","DOJI2","TTM","Vàng 24K",,"Còn tồn","5","0","5","0","0","0","0","92150","Phần Mềm Vàng","2HOANGKIM2","2VANG24K","46095.9250551736"
"I9601155","Nhẫn CNC 2","TTM","Vàng 24K",,"Còn tồn","0.422","0","0.422","0","450","0","0","7195.1","Phần Mềm Vàng","2HOANGKIM2","2VANG24K","46098.7202122685"
"I9601188","Lắc TrƠN bóng","TTM","Vàng 24K",,"Còn tồn","0.632","0","0.632","0","800","360","0","11198.8","Phần Mềm Vàng","2HOANGKIM2","2VANG24K","46099.4708068634"
"I9601200","Dây Ngựa","TTM","Vàng 24K",,"Còn tồn","0.121","0","0.121","0","390","140","0","2212.73","Phần Mềm Vàng","2HOANGKIM2","2VANG24K","46101.6191095255"
"I9601203","Dây Ngựa","TTM","Vàng 24K",,"Còn tồn","0.119","0","0.119","0","390","140","0","2178.47","Phần Mềm Vàng","2HOANGKIM2","2VANG24K","46101.6191079861"
"I9601237","Kim Phát Tài 0.1","TTM","Vàng 24K",,"Còn tồn","0.1","0","0.1","0","350","0","0","1580","Phần Mềm Vàng","2HOANGKIM2","2VANG24K","46105.6228437847"
"I9601330","Nhẫn CNC 2","TTM","Vàng 24K",,"Còn tồn","0.41","0","0.41","0","500","311","0","6817.7","Phần Mềm Vàng","2HOANGKIM2","2VANG24K","46109.3879535069"
"I9601332","Nhẫn CNC 2","TTM","Vàng 24K",,"Còn tồn","0.474","0","0.474","0","520","360","0","7882.38","Phần Mềm Vàng","2HOANGKIM2","2VANG24K","46109.3879616898"
"I9601335","Nhẫn CNC 2","TTM","Vàng 24K",,"Còn tồn","0.294","0","0.294","0","450","223","0","4888.78","Phần Mềm Vàng","2HOANGKIM2","2VANG24K","46109.3879528588"
"I9601338","Nhẫn CNC 2","TTM","Vàng 24K",,"Còn tồn","0.824","0","0.824","0","612","412","0","13488.88","Phần Mềm Vàng","2HOANGKIM2","2VANG24K","46109.3879522338"
"I9601379","Lắc 23K2","TTM","VANG23K",,"Còn tồn","1","0","1","0","0","0","0","15400","Phần Mềm Vàng","2HOANGKIM2","2VANG24K","46112.6922646181"
"I9601382","Kim Thần tài","TTM","Vàng 24K",,"Còn tồn","0.3","0","0.3","0","150","0","0","4680","Phần Mềm Vàng","2HOANGKIM2","2VANG24K","46114.5750253125"
"I9601384","VÀNG RỒNG THĂNG LONG","TTM","Vàng 24K",,"Còn tồn","2","0","2","0","0","0","0","31380","Phần Mềm Vàng","2HOANGKIM2","2VANG24K","46114.8867731482"
"I9601389","Nhẫn CNC 2","TTM","Vàng 24K",,"Còn tồn","0.404","0","0.404","0","480","303","0","6722.56","Phần Mềm Vàng","2HOANGKIM2","2VANG24K","46115.4404523148"
"I9601390","DÉP K2","TTM","Vàng 24K",,"Còn tồn","1.01","0","1.01","0","1000","656","0","16644.3","Phần Mềm Vàng","2HOANGKIM2","2VANG24K","46115.4404446759"
"I9601402","BẢO TÍN MẠNH HẢI 2","TTM","Vàng 24K",,"Còn tồn","0.5","0","0.5","0","0","0","0","8550","Phần Mềm Vàng","2HOANGKIM2","2VANG24K","46116.8642259259"
"I9601405","BẢO TÍN MẠNH HẢI 2","TTM","Vàng 24K",,"Còn tồn","0.5","0","0.5","0","0","0","0","8550","Phần Mềm Vàng","2HOANGKIM2","2VANG24K","46116.8642315162"
"I9601406","BẢO TÍN MẠNH HẢI 2","TTM","Vàng 24K",,"Còn tồn","0.5","0","0.5","0","0","0","0","8550","Phần Mềm Vàng","2HOANGKIM2","2VANG24K","46116.8642295139"
"I9601407","BẢO TÍN MẠNH HẢI 2","TTM","Vàng 24K",,"Còn tồn","0.5","0","0.5","0","0","0","0","8550","Phần Mềm Vàng","2HOANGKIM2","2VANG24K","46116.8642207176"
"I9601408","BẢO TÍN MẠNH HẢI 2","TTM","Vàng 24K",,"Còn tồn","0.5","0","0.5","0","0","0","0","8550","Phần Mềm Vàng","2HOANGKIM2","2VANG24K","46116.8642238079"
"I9601416","Nhẫn CNC 2","TTM","Vàng 24K",,"Còn tồn","0.364","0","0.364","0","470","273","0","6020.56","Phần Mềm Vàng","2HOANGKIM2","2VANG24K","46117.767143206"
"I9601443","Nhẫn CNC môi 2","TTM","Vàng 24K",,"Còn tồn","0.716","0","0.716","0","744","544","0","11770.88","Phần Mềm Vàng","2HOANGKIM2","2VANG24K","46119.814503669"
"I9601448","Lắc CNC","TTM","Vàng 24K",,"Còn tồn","2.05333","0","2.05333","0","2000","1558","0","33754.214","Phần Mềm Vàng","2HOANGKIM2","2VANG24K","46119.814502662"
"I9601450","Lắc Bọ 24k","TTM","Vàng 24K",,"Còn tồn","3.936","0","3.936","0","3900","2558","0","64274.48","Phần Mềm Vàng","2HOANGKIM2","2VANG24K","46119.8145014236"
"I9601492","Lắc CNC2","TTM","Vàng 24K",,"Còn tồn","2.365","0","2.365","0","2360","1416","0","38499.2","Phần Mềm Vàng","2HOANGKIM2","2VANG24K","46124.5815423264"
"I9601499","Sjc","TTM","Vàng 24K",,"Còn tồn","1","0","1","0","0","0","0","16970","Phần Mềm Vàng","2HOANGKIM2","2VANG24K","46126.4022707176"
"I9601500","PNJ2","TTM","Vàng 24K",,"Còn tồn","3","0","3","0","0","0","0","50910","Phần Mềm Vàng","2HOANGKIM2","2VANG24K","46126.402271412"
"I9601504","PHÚ QUÝ 2","TTM","Vàng 24K",,"Còn tồn","1","0","1","0","0","0","0","16970","Phần Mềm Vàng","2HOANGKIM2","2VANG24K","46126.4022703704"
"I9601527","BẢO TÍN MẠNH HẢI 2","TTM","Vàng 24K",,"Còn tồn","1","0","1","0","0","0","0","16880","Phần Mềm Vàng","2HOANGKIM2","2VANG24K","46128.8263969097"
"I9601561","Nhẫn CNC 2","TTM","Vàng 24K",,"Còn tồn","0.742","0","0.742","0","720","562","0","12211.4","Phần Mềm Vàng","2HOANGKIM2","2VANG24K","46133.4595996181"
"I9601563","Bong CNC 2","TTM","Vàng 24K",,"Còn tồn","0.398","0","0.398","0","450","258","0","6506.6","Phần Mềm Vàng","2HOANGKIM2","2VANG24K","46133.4595988773"
"I9601570","Nhẫn CNC 2","TTM","Vàng 24K",,"Còn tồn","0.32533","0","0.32533","0","505","302","0","5409.681","Phần Mềm Vàng","2HOANGKIM2","2VANG24K","46133.4595912037"
"I9601572","Nhẫn CNC 2","TTM","Vàng 24K",,"Còn tồn","0.606","0","0.606","0","563","363","0","9877.2","Phần Mềm Vàng","2HOANGKIM2","2VANG24K","46133.4595992245"
"I9601611","VÀNG RỒNG THĂNG LONG","TTM","Vàng 24K",,"Còn tồn","0.5","0","0.5","0","0","0","0","7700","Phần Mềm Vàng","2HOANGKIM2","2VANG24K","46139.4460089468"
"I9601637","Bông Tai 24K","TTM","Vàng 24K",,"Còn tồn","0.5124","0","0.5124","0","520","344","0","8199.092","Phần Mềm Vàng","2HOANGKIM2","2VANG24K","46141.8544371181"
"I9601650","Lắc","TTM","Vàng 24K",,"Còn tồn","2.136","0","2.136","0","2100","1602","0","34069.2","Phần Mềm Vàng","2HOANGKIM2","2VANG24K","46142.7477033912"
"I9601669","Bông 05","TTM","VANG23K",,"Còn tồn","0.5","0","0.5","0","300","0","0","7600","Phần Mềm Vàng","2HOANGKIM2","2VANG24K","46143.4976172801"
"I9601679","Lắc CNC 2","TTM","Vàng 24K",,"Còn tồn","1.518","0","1.518","0","1500","941","0","23984.24","Phần Mềm Vàng","2HOANGKIM2","2VANG24K","46147.3935481134"
"I9601720","Nhẫn CNC  K2","TTM","Vàng 24K",,"Còn tồn","0.3015","0","0.3015","0","421","241","0","4817.77","Phần Mềm Vàng","2HOANGKIM2","2VANG24K","46154.6582046296"
"I9601721","Nhẫn CNC","TTM","Vàng 24K",,"Còn tồn","0.2865","0","0.2865","0","409","229","0","4583.8","Phần Mềm Vàng","2HOANGKIM2","2VANG24K","46154.6582042824"
"I9601722","Nhẫn CNC","TTM","Vàng 24K",,"Còn tồn","0.3195","0","0.3195","0","440","255","0","5111.4","Phần Mềm Vàng","2HOANGKIM2","2VANG24K","46154.6582050579"
"I9601730","Nhẫn","TTM","Vàng 24K",,"Còn tồn","0.486","0","0.486","0","549","369","0","7756.2","Phần Mềm Vàng","2HOANGKIM2","2VANG24K","46154.6702797801"
"I9601731","Nhẫn","TTM","Vàng 24K",,"Còn tồn","0.61","0","0.61","0","630","463","0","9735","Phần Mềm Vàng","2HOANGKIM2","2VANG24K","46154.6702770486"
"I9601764","VÀNG RỒNG THĂNG LONG","TTM","Vàng 24K",,"Còn tồn","1","0","1","0","0","0","0","15100","Phần Mềm Vàng","2HOANGKIM2","2VANG24K","46157.4048886574"
"I9601772","VÀNG RỒNG THĂNG LONG","TTM","Vàng 24K",,"Còn tồn","0.5","0","0.5","0","0","0","0","8240","Phần Mềm Vàng","2HOANGKIM2","2VANG24K","46159.441293206"
"I9601773","VÀNG RỒNG THĂNG LONG","TTM","Vàng 24K",,"Còn tồn","0.5","0","0.5","0","0","0","0","8240","Phần Mềm Vàng","2HOANGKIM2","2VANG24K","46159.4412920949"
"I9601774","VÀNG RỒNG THĂNG LONG","TTM","Vàng 24K",,"Còn tồn","0.5","0","0.5","0","0","0","0","8240","Phần Mềm Vàng","2HOANGKIM2","2VANG24K","46159.4412940972"
"I9601775","VÀNG RỒNG THĂNG LONG","TTM","Vàng 24K",,"Còn tồn","0.5","0","0.5","0","0","0","0","8240","Phần Mềm Vàng","2HOANGKIM2","2VANG24K","46159.4412954861"
"I9601814","Nhẫn CNC K2","TTM","Vàng 24K",,"Còn tồn","0.688","0","0.688","0","1615","1115","0","11214.84","Phần Mềm Vàng","2HOANGKIM2","2VANG24K","46163.7802878819"
"I9601818","Nhẫn CNC K2","TTM","Vàng 24K",,"Còn tồn","0.168","0","0.168","0","650","411","0","2877.24","Phần Mềm Vàng","2HOANGKIM2","2VANG24K","46163.7802991898"
"I9601821","Nhẫn CNC K1","TTM","Vàng 24K",,"Còn tồn","0.155","0","0.155","0","460","233","0","2508.4","Phần Mềm Vàng","2HOANGKIM2","2VANG24K","46163.7802857292"
"I9601827","Day 24k","TTM","Vàng 24K",,"Còn tồn","2.312","0","2.312","0","2300","1502","0","35442.16","Phần Mềm Vàng","2HOANGKIM2","2VANG24K","46163.7802862269"
"I9601841","Nhẫn CNC","TTM","Vàng 24K",,"Còn tồn","0.202","0","0.202","0","350","151","0","3122.42","Phần Mềm Vàng","2HOANGKIM2","2VANG24K","46165.4957645833"
"I9601844","Lắc","TTM","Vàng 24K",,"Còn tồn","2.564","0","2.564","0","2500","1666","0","39382.44","Phần Mềm Vàng","2HOANGKIM2","2VANG24K","46165.4957653125"
"I9601850","Nhẫn Hoa","TTM","Vàng 24K",,"Còn tồn","0.587","0","0.587","0","835","534","0","9127.68","Phần Mềm Vàng","2HOANGKIM2","2VANG24K","46166.3762707176"
"I9601875","Nhẫn CNC 2","TTM","Vàng 24K",,"Còn tồn","0.468","0","0.468","0","555","355","0","7187.8","Phần Mềm Vàng","2HOANGKIM2","2VANG24K","46168.8137203356"
"I9601877","Nhẫn CNC 2","TTM","Vàng 24K",,"Còn tồn","0.692","0","0.692","0","725","525","0","10628.2","Phần Mềm Vàng","2HOANGKIM2","2VANG24K","46168.8137173264"
"I9601879","Lắc CNC 2","TTM","Vàng 24K",,"Còn tồn","2.368","0","2.368","0","2700","2108","0","36680.8","Phần Mềm Vàng","2HOANGKIM2","2VANG24K","46168.8137182523"
"I9601889","Dây CNC2","TTM","Vàng 24K",,"Còn tồn","1.174","0","1.174","0","1200","762","0","17550.2","Phần Mềm Vàng","2HOANGKIM2","2VANG24K","46172.4500332986"
"I9601892","Nhẫn CNC 2","TTM","Vàng 24K",,"Còn tồn","0.1547","0","0.1547","0","430","235","0","2447.21","Phần Mềm Vàng","2HOANGKIM2","2VANG24K","46172.4500309375"
"I9601893","Nhẫn CNC 2","TTM","Vàng 24K",,"Còn tồn","0.37","0","0.37","0","450","244","0","5535","Phần Mềm Vàng","2HOANGKIM2","2VANG24K","46172.4500336806"
"I9601894","Nhẫn CNC 2","TTM","Vàng 24K",,"Còn tồn","0.307","0","0.307","0","738","438","0","4828.1","Phần Mềm Vàng","2HOANGKIM2","2VANG24K","46172.4500320602"
"I9601895","Nhẫn CNC 2","TTM","Vàng 24K",,"Còn tồn","0.581","0","0.581","0","1000","645","0","8953.3","Phần Mềm Vàng","2HOANGKIM2","2VANG24K","46172.4500271643"
"I9601911","Lắc CNC2","TTM","Vàng 24K",,"Còn tồn","3.87","0","3.87","0","3870","0","0","55728","Phần Mềm Vàng","2HOANGKIM2","2VANG24K","46173.811096875"
"I9601926","Nhẫn CNC 2","TTM","Vàng 24K",,"Còn tồn","0.304","0","0.304","0","540","340","0","4656.8","Phần Mềm Vàng","2HOANGKIM2","2VANG24K","46176.4326329051"
"I9601927","Nhẫn CNC 2","TTM","Vàng 24K",,"Còn tồn","0.6","0","0.6","0","880","582","0","9102","Phần Mềm Vàng","2HOANGKIM2","2VANG24K","46176.4326306713"
"I9601935","Lắc Natra","TTM","Vàng 24K",,"Còn tồn","1.519","0","1.519","0","1500","987","0","22890.98","Phần Mềm Vàng","2HOANGKIM2","2VANG24K","46176.4389999653"
"I9601937","Lắc 3c","TTM","VANG23K",,"Còn tồn","3","0","3","0","350","0","0","44010","Phần Mềm Vàng","2HOANGKIM2","2VANG24K","46176.438999537"
"I9601968","Đũa 24k","TTM","Vàng 24K",,"Còn tồn","0.716","0","0.716","0","800","600","0","10888.92","Phần Mềm Vàng","2HOANGKIM2","2VANG24K","46178.4964144676"
"I9602013","BÌNH 24k","TTM","Vàng 24K",,"Còn tồn","0.3","0","0.3","0","630","430","0","4540","Phần Mềm Vàng","2HOANGKIM2","2VANG24K","46184.4531207986"
"I9602024","Day","TTM","Vàng 24K",,"Còn tồn","1.734","0","1.734","0","1850","1040","0","25940.24","Phần Mềm Vàng","2HOANGKIM2","2VANG24K","46184.4908762732"
"I9602037","Lắc CNC","TTM","Vàng 24K",,"Còn tồn","1.092","0","1.092","0","1100","677","0","15309.8","Phần Mềm Vàng","2HOANGKIM2","2VANG24K","46187.4517154745"
"I9602038","Lắc CNC","TTM","Vàng 24K",,"Còn tồn","0.778","0","0.778","0","900","482","0","10907.2","Phần Mềm Vàng","2HOANGKIM2","2VANG24K","46187.4517150116"
"I9602039","Day","TTM","Vàng 24K",,"Còn tồn","1.234","0","1.234","0","1300","765","0","17300.6","Phần Mềm Vàng","2HOANGKIM2","2VANG24K","46187.4517166667"
"I9602096","Lắc CNC 2","TTM","Vàng 24K",,"Còn tồn","3.3","0","3.3","0","3300","1980","0","46200","Phần Mềm Vàng","2HOANGKIM2","2VANG24K","46193.4000168982"
"I9602100","Thìa 24k","TTM","Vàng 24K",,"Còn tồn","0.14","0","0.14","0","350","100","0","2033.4","Phần Mềm Vàng","2HOANGKIM2","2VANG24K","46193.4954078356"
"I9602101","Thìa 24k","TTM","Vàng 24K",,"Còn tồn","0.13","0","0.13","0","350","100","0","1895.3","Phần Mềm Vàng","2HOANGKIM2","2VANG24K","46193.4954097569"
"I9602102","Thìa 24k","TTM","Vàng 24K",,"Còn tồn","0.132","0","0.132","0","350","100","0","1922.92","Phần Mềm Vàng","2HOANGKIM2","2VANG24K","46193.495409375"
"I9602103","Thìa 24k","TTM","Vàng 24K",,"Còn tồn","0.13","0","0.13","0","350","100","0","1895.3","Phần Mềm Vàng","2HOANGKIM2","2VANG24K","46193.4954105671"
"I9602113","VÀNG RỒNG THĂNG LONG","TTM","Vàng 24K",,"Còn tồn","0.5","0","0.5","0","0","0","0","7350","Phần Mềm Vàng","2HOANGKIM2","2VANG24K","46196.3957215625"
"I9602114","VÀNG RỒNG THĂNG LONG","TTM","Vàng 24K",,"Còn tồn","0.5","0","0.5","0","0","0","0","7350","Phần Mềm Vàng","2HOANGKIM2","2VANG24K","46196.3957268171"
"I9602115","VÀNG RỒNG THĂNG LONG","TTM","Vàng 24K",,"Còn tồn","0.5","0","0.5","0","0","0","0","7350","Phần Mềm Vàng","2HOANGKIM2","2VANG24K","46196.3957131134"
"I9602116","VÀNG RỒNG THĂNG LONG","TTM","Vàng 24K",,"Còn tồn","0.5","0","0.5","0","0","0","0","7350","Phần Mềm Vàng","2HOANGKIM2","2VANG24K","46196.3957263889"
"I9602117","VÀNG RỒNG THĂNG LONG","TTM","Vàng 24K",,"Còn tồn","0.5","0","0.5","0","0","0","0","7350","Phần Mềm Vàng","2HOANGKIM2","2VANG24K","46196.3957219907"
"I9602118","VÀNG RỒNG THĂNG LONG","TTM","Vàng 24K",,"Còn tồn","0.5","0","0.5","0","0","0","0","7350","Phần Mềm Vàng","2HOANGKIM2","2VANG24K","46196.3957172106"
"I9602119","VÀNG RỒNG THĂNG LONG","TTM","Vàng 24K",,"Còn tồn","0.5","0","0.5","0","0","0","0","7350","Phần Mềm Vàng","2HOANGKIM2","2VANG24K","46196.3957247338"
"I9602120","VÀNG RỒNG THĂNG LONG","TTM","Vàng 24K",,"Còn tồn","0.5","0","0.5","0","0","0","0","7350","Phần Mềm Vàng","2HOANGKIM2","2VANG24K","46196.3957259606"
"I9602121","VÀNG RỒNG THĂNG LONG","TTM","Vàng 24K",,"Còn tồn","0.5","0","0.5","0","0","0","0","7350","Phần Mềm Vàng","2HOANGKIM2","2VANG24K","46196.3957203356"
"I9602123","VÀNG RỒNG THĂNG LONG","TTM","Vàng 24K",,"Còn tồn","1","0","1","0","0","0","0","14550","Phần Mềm Vàng","2HOANGKIM2","2VANG24K","46196.3957251157"
"I9602124","VÀNG RỒNG THĂNG LONG","TTM","Vàng 24K",,"Còn tồn","1","0","1","0","0","0","0","14550","Phần Mềm Vàng","2HOANGKIM2","2VANG24K","46196.3957243056"
"I9602125","VÀNG RỒNG THĂNG LONG","TTM","Vàng 24K",,"Còn tồn","1","0","1","0","0","0","0","14550","Phần Mềm Vàng","2HOANGKIM2","2VANG24K","46196.3957233796"
"I9602128","VÀNG RỒNG THĂNG LONG","TTM","Vàng 24K",,"Còn tồn","0.5","0","0.5","0","0","0","0","7275","Phần Mềm Vàng","2HOANGKIM2","2VANG24K","46196.3957190162"
"I9602129","VÀNG RỒNG THĂNG LONG","TTM","Vàng 24K",,"Còn tồn","0.5","0","0.5","0","0","0","0","7275","Phần Mềm Vàng","2HOANGKIM2","2VANG24K","46196.3957180903"
"I9602130","VÀNG RỒNG THĂNG LONG","TTM","Vàng 24K",,"Còn tồn","0.5","0","0.5","0","0","0","0","7275","Phần Mềm Vàng","2HOANGKIM2","2VANG24K","46196.3957194792"
"I9602131","VÀNG RỒNG THĂNG LONG","TTM","Vàng 24K",,"Còn tồn","0.5","0","0.5","0","0","0","0","7275","Phần Mềm Vàng","2HOANGKIM2","2VANG24K","46196.3957199074"
"I9602132","VÀNG RỒNG THĂNG LONG","TTM","Vàng 24K",,"Còn tồn","0.5","0","0.5","0","0","0","0","7275","Phần Mềm Vàng","2HOANGKIM2","2VANG24K","46196.3957238426"
"I9602133","VÀNG RỒNG THĂNG LONG","TTM","Vàng 24K",,"Còn tồn","0.5","0","0.5","0","0","0","0","7275","Phần Mềm Vàng","2HOANGKIM2","2VANG24K","46196.3957229514"
"I9602138","Thìa 24k","TTM","Vàng 24K",,"Còn tồn","0.301","0","0.301","0","500","255","0","4342.58","Phần Mềm Vàng","2HOANGKIM2","2VANG24K","46196.4192991088"
"I9602139","Thìa 24k","TTM","Vàng 24K",,"Còn tồn","0.325","0","0.325","0","500","280","0","4693.5","Phần Mềm Vàng","2HOANGKIM2","2VANG24K","46196.419299537"
"I9602140","Thìa 24k","TTM","Vàng 24K",,"Còn tồn","0.329","0","0.329","0","500","280","0","4747.82","Phần Mềm Vàng","2HOANGKIM2","2VANG24K","46196.4192981481"
"I9602143","Lắc Đinh","TTM","Vàng 24K",,"Còn tồn","2.2","0","2.2","0","2200","1782","0","31746","Phần Mềm Vàng","2HOANGKIM2","2VANG24K","46196.4626395023"
"I9602144","Dây","TTM","Vàng 24K",,"Còn tồn","2.837","0","2.837","0","2850","1929","0","40710.79","Phần Mềm Vàng","2HOANGKIM2","2VANG24K","46196.4626373843"
"I9602147","bông LV","TTM","Vàng 24K",,"Còn tồn","0.826","0","0.826","0","1100","561","0","11852.42","Phần Mềm Vàng","2HOANGKIM2","2VANG24K","46196.4626386574"
"I9602152","DOJI","TTM","Vàng 24K",,"Còn tồn","1","0","1","0","0","0","0","14250","Phần Mềm Vàng","2HOANGKIM2","2VANG24K","46196.7155501968"
"I9602154","BtmH2","TTM","Vàng 24K",,"Còn tồn","1","0","1","0","0","0","0","14250","Phần Mềm Vàng","2HOANGKIM2","2VANG24K","46196.7155527431"
"I9602155","BtmH2","TTM","Vàng 24K",,"Còn tồn","1","0","1","0","0","0","0","14250","Phần Mềm Vàng","2HOANGKIM2","2VANG24K","46196.7155463773"
"I9602160","VÀNG RỒNG THĂNG LONG","TTM","Vàng 24K",,"Còn tồn","1","0","1","0","0","0","0","14350","Phần Mềm Vàng","2HOANGKIM2","2VANG24K","46196.7155522338"
"I9602181","Nhẫn Tròn K2","TTM","Vàng 24K",,"Còn tồn","1","0","1","0","0","15","0","13195","Phần Mềm Vàng","2HOANGKIM2","2VANG24K","46201.4325149653"
"I9602190","Lắc HOA","TTM","Vàng 24K",,"Còn tồn","2.205","0","2.205","0","2000","1103","0","30650","Phần Mềm Vàng","2HOANGKIM2","2VANG24K","46201.4368239931"
"I9602191","Lắc","TTM","Vàng 24K",,"Còn tồn","0.955","0","0.955","0","1000","621","0","13418","Phần Mềm Vàng","2HOANGKIM2","2VANG24K","46201.4368231829"
"I9602194","Dây Hoa","TTM","Vàng 24K",,"Còn tồn","1.346","0","1.346","0","1350","875","0","18897.94","Phần Mềm Vàng","2HOANGKIM2","2VANG24K","46201.4782768171"
"I9602195","Nhẫn CNC 2","TTM","Vàng 24K",,"Còn tồn","0.546","0","0.546","0","610","409","0","7719.94","Phần Mềm Vàng","2HOANGKIM2","2VANG24K","46201.4782765046"
"I9602196","Dây H","TTM","Vàng 24K",,"Còn tồn","1.973","0","1.973","0","2000","1341","0","27641.09","Phần Mềm Vàng","2HOANGKIM2","2VANG24K","46201.4782761574"
"I9602197","VÀNG RỒNG THĂNG LONG","TTM","Vàng 24K",,"Còn tồn","1","0","1","0","0","0","0","14750","Phần Mềm Vàng","2HOANGKIM2","2VANG24K","46209.4452917824"
"I9602201","Bông hoa cn","TTM","Vàng 24K",,"Còn tồn","0.518","0","0.518","0","580","336","0","7344.54","Phần Mềm Vàng","2HOANGKIM2","2VANG24K","46209.4645198264"
"I9602205","VÀNG RỒNG THĂNG LONG","TTM","Vàng 24K",,"Còn tồn","3","0","3","0","0","0","0","43950","Phần Mềm Vàng","2HOANGKIM2","2VANG24K","46209.6713827894"
"I9602206","VÀNG RỒNG THĂNG LONG","TTM","Vàng 24K",,"Còn tồn","2","0","2","0","0","0","0","29300","Phần Mềm Vàng","2HOANGKIM2","2VANG24K","46209.6713821412"
"I9602212","Nhẫn CNC","TTM","Vàng 24K",,"Còn tồn","1.022","0","1.022","0","1100","766","0","14460.8","Phần Mềm Vàng","2HOANGKIM2","2VANG24K","46210.3804207523"
"I9602217","PHÚ QUÝ 2","TTM","Vàng 24K",,"Còn tồn","1","0","1","0","0","0","0","14500","Phần Mềm Vàng","2HOANGKIM2","2VANG24K","46213.3750638542"
"I9602218","BtmH2","TTM","Vàng 24K",,"Còn tồn","1","0","1","0","0","0","0","14500","Phần Mềm Vàng","2HOANGKIM2","2VANG24K","46213.3750691782"
"I9602219","BtmH2","TTM","Vàng 24K",,"Còn tồn","1","0","1","0","0","0","0","14500","Phần Mềm Vàng","2HOANGKIM2","2VANG24K","46213.3750677431"
"I9602220","PNJ2","TTM","Vàng 24K",,"Còn tồn","1","0","1","0","0","0","0","14480","Phần Mềm Vàng","2HOANGKIM2","2VANG24K","46213.3750700579"
"I9602221","PNJ2","TTM","Vàng 24K",,"Còn tồn","1","0","1","0","0","0","0","14480","Phần Mềm Vàng","2HOANGKIM2","2VANG24K","46213.3750687153"
"I9602222","DOJI","TTM","Vàng 24K",,"Còn tồn","5","0","5","0","0","0","0","72500","Phần Mềm Vàng","2HOANGKIM2","2VANG24K","46213.375068206"
"I9602223","PHÚ QUÝ 2","TTM","Vàng 24K",,"Còn tồn","1","0","1","0","0","0","0","14500","Phần Mềm Vàng","2HOANGKIM2","2VANG24K","46213.3750695949"
"I9602224","DOJI","TTM","Vàng 24K",,"Còn tồn","10","0","10","0","0","0","0","145000","Phần Mềm Vàng","2HOANGKIM2","2VANG24K","46215.4397667824"
"I9602231","Nhẫn CNC","TTM","Vàng 24K",,"Còn tồn","0.2475","0","0.2475","0","299","186","0","3465.375","Phần Mềm Vàng","2HOANGKIM2","2VANG24K","46218.3819506944"
"I9602238","Lac","TTM","Vàng 24K",,"Còn tồn","1.002","0","1.002","0","1000","621","0","13897.5","Phần Mềm Vàng","2HOANGKIM2","2VANG24K","46218.3819531597"
"I9602240","Nhẫn Tròn K2","TTM","Vàng 24K",,"Còn tồn","2","0","2","0","0","15","0","26675","Phần Mềm Vàng","2HOANGKIM2","2VANG24K","46218.5815236458"
"I9602242","Nhẫn Tròn K2","TTM","Vàng 24K",,"Còn tồn","2","0","2","0","0","15","0","26675","Phần Mềm Vàng","2HOANGKIM2","2VANG24K","46218.5815204861"
"I9602258","Lac cnc","TTM","Vàng 24K",,"Còn tồn","2.89","0","2.89","0","2800","1734","0","39593","Phần Mềm Vàng","2HOANGKIM2","2VANG24K","46219.3979770486"
"I9602259","Day CNC","TTM","Vàng 24K",,"Còn tồn","1.283","0","1.283","0","1300","975","0","17782.3","Phần Mềm Vàng","2HOANGKIM2","2VANG24K","46219.3979787847"
"I9602260","BtmH2","TTM","Vàng 24K",,"Còn tồn","2","0","2","0","0","0","0","28700","Phần Mềm Vàng","2HOANGKIM2","2VANG24K","46219.614372338"
"I9602261","BtmH2","TTM","Vàng 24K",,"Còn tồn","2","0","2","0","0","0","0","28700","Phần Mềm Vàng","2HOANGKIM2","2VANG24K","46219.6143712153"
"I9602262","BtmH2","TTM","Vàng 24K",,"Còn tồn","2","0","2","0","0","0","0","28700","Phần Mềm Vàng","2HOANGKIM2","2VANG24K","46219.6143704051"
"I9602263","BtmH2","TTM","Vàng 24K",,"Còn tồn","1","0","1","0","0","0","0","14350","Phần Mềm Vàng","2HOANGKIM2","2VANG24K","46219.6143647338"
"I9602264","BtmH2","TTM","Vàng 24K",,"Còn tồn","1","0","1","0","0","0","0","14350","Phần Mềm Vàng","2HOANGKIM2","2VANG24K","46219.6143691319"
"I9602265","BtmH2","TTM","Vàng 24K",,"Còn tồn","1","0","1","0","0","0","0","14350","Phần Mềm Vàng","2HOANGKIM2","2VANG24K","46219.6143729167"
"I9602266","BtmH2","TTM","Vàng 24K",,"Còn tồn","1","0","1","0","0","0","0","14350","Phần Mềm Vàng","2HOANGKIM2","2VANG24K","46219.6143670949"
"I9602267","BtmH2","TTM","Vàng 24K",,"Còn tồn","1","0","1","0","0","0","0","14350","Phần Mềm Vàng","2HOANGKIM2","2VANG24K","46219.6143699884"
"I9602268","VÀNG RỒNG THĂNG LONG","TTM","Vàng 24K",,"Còn tồn","2","0","2","0","0","0","0","28700","Phần Mềm Vàng","2HOANGKIM2","2VANG24K","46219.6143707986"
"I9602271","VÀNG RỒNG THĂNG LONG","TTM","Vàng 24K",,"Còn tồn","1","0","1","0","0","0","0","14350","Phần Mềm Vàng","2HOANGKIM2","2VANG24K","46219.6143695255"
"I9602272","VÀNG RỒNG THĂNG LONG","TTM","Vàng 24K",,"Còn tồn","1","0","1","0","0","0","0","14350","Phần Mềm Vàng","2HOANGKIM2","2VANG24K","46219.6143643171"
"I9602275","VÀNG RỒNG THĂNG LONG","TTM","Vàng 24K",,"Còn tồn","1","0","1","0","0","0","0","14350","Phần Mềm Vàng","2HOANGKIM2","2VANG24K","46219.614371956"
"I9602286","Dây Cỏ","TTM","Vàng 24K",,"Còn tồn","1.096","0","1.096","0","1100","657","0","14970.76","Phần Mềm Vàng","2HOANGKIM2","2VANG24K","46222.4894410069"
"I9602290","Nhẫn Tròn K2","TTM","Vàng 24K",,"Còn tồn","2","0","2","0","0","15","0","26155","Phần Mềm Vàng","2HOANGKIM2","2VANG24K","46231.7856939468"
"I9602291","Nhẫn Tròn K2","TTM","Vàng 24K",,"Còn tồn","2","0","2","0","0","15","0","26155","Phần Mềm Vàng","2HOANGKIM2","2VANG24K","46231.7856714931"
"I9602292","Nhẫn Tròn K2","TTM","Vàng 24K",,"Còn tồn","2","0","2","0","0","15","0","26155","Phần Mềm Vàng","2HOANGKIM2","2VANG24K","46231.7856831019"
"I9602308","PNJ2","TTM","Vàng 24K",,"Còn tồn","1","0","1","0","0","0","0","12900","Phần Mềm Vàng","2HOANGKIM2","2VANG24K","46231.7856747685"
"I9602309","VÀNG RỒNG THĂNG LONG","TTM","Vàng 24K",,"Còn tồn","0.5","0","0.5","0","0","0","0","6935","Phần Mềm Vàng","2HOANGKIM2","2VANG24K","46231.7856951389"
"I9602310","VÀNG RỒNG THĂNG LONG","TTM","Vàng 24K",,"Còn tồn","0.5","0","0.5","0","0","0","0","6935","Phần Mềm Vàng","2HOANGKIM2","2VANG24K","46231.7856824884"
"I9602311","VÀNG RỒNG THĂNG LONG","TTM","Vàng 24K",,"Còn tồn","1","0","1","0","0","0","0","13870","Phần Mềm Vàng","2HOANGKIM2","2VANG24K","46231.7856845718"
"I9602314","Day CNC","TTM","Vàng 24K",,"Còn tồn","2.024","0","2.024","0","2000","1254","0","27869.6","Phần Mềm Vàng","2HOANGKIM2","2VANG24K","46231.7856925579"
"I9602316","Day CNC","TTM","Vàng 24K",,"Còn tồn","1.763","0","1.763","0","1800","1145","0","24152.15","Phần Mềm Vàng","2HOANGKIM2","2VANG24K","46231.7856945255"
"I9602317","Lac cnc","TTM","Vàng 24K",,"Còn tồn","2.555","0","2.555","0","2600","0","0","33981.5","Phần Mềm Vàng","2HOANGKIM2","2VANG24K","46231.7856683681"
"I9602318","Nhẫn CNC","TTM","Vàng 24K",,"Còn tồn","0.4275","0","0.4275","0","480","277","0","5902.9","Phần Mềm Vàng","2HOANGKIM2","2VANG24K","46232.6360036227"
"I9602322","Nhẫn Tròn K2","TTM","Vàng 24K",,"Còn tồn","1","0","1","0","0","0","0","13200","Phần Mềm Vàng","2HOANGKIM2","2VANG24K","46234.5622774306"
"I9602324","Kiềng 2C","TTM","VANG23K",,"Còn tồn","2","0","2","0","520","315","0","26455","Phần Mềm Vàng","2HOANGKIM2","2VANG24K","46234.5622797454"
"I9602328","Nhẫn CNC","TTM","Vàng 24K",,"Còn tồn","0.388","0","0.388","0","490","291","0","5346.64","Phần Mềm Vàng","2HOANGKIM2","2VANG24K","46236.4666441319"
"I9602331","Nhẫn CNC","TTM","Vàng 24K",,"Còn tồn","0.605","0","0.605","0","650","453","0","8336.15","Phần Mềm Vàng","2HOANGKIM2","2VANG24K","46236.4666444792"
"I9602332","Dây CNC","TTM","Vàng 24K",,"Còn tồn","0.951","0","0.951","0","1000","589","0","13009.06","Phần Mềm Vàng","2HOANGKIM2","2VANG24K","46236.4733283912"
"I9602333","Dây CNC","TTM","Vàng 24K",,"Còn tồn","1.304","0","1.304","0","1300","808","0","17838.24","Phần Mềm Vàng","2HOANGKIM2","2VANG24K","46236.4733315972"
"I9602336","Nhẫn CNC","TTM","Vàng 24K",,"Còn tồn","0.4945","0","0.4945","0","520","321","0","6789.06","Phần Mềm Vàng","2HOANGKIM2","2VANG24K","46236.6540835648"
"I9602337","Nhẫn CNC","TTM","Vàng 24K",,"Còn tồn","0.3975","0","0.3975","0","458","258","0","5457.3","Phần Mềm Vàng","2HOANGKIM2","2VANG24K","46236.6540824074"
"I9602340","Kiềng 2C","TTM","Vàng 24K",,"Còn tồn","2","0","2","0","400","0","0","25400","Phần Mềm Vàng","2HOANGKIM2","2VANG24K","46236.6540826736"
"I9602341","Nhẫn Tròn K2","TTM","Vàng 24K",,"Còn tồn","5","0","5","0","0","45","0","65545","Phần Mềm Vàng","2HOANGKIM2","2VANG24K","46236.7637646991"
"I9602348","Nhẫn CNC","TTM","Vàng 24K",,"Còn tồn","0.332","0","0.332","0","399","249","0","4581.6","Phần Mềm Vàng","2HOANGKIM2","2VANG24K","46239.4001087153"
"I9602349","Nhẫn CNC","TTM","Vàng 24K",,"Còn tồn","0.198","0","0.198","0","299","148","0","2731.9","Phần Mềm Vàng","2HOANGKIM2","2VANG24K","46239.4001056366"
"I9602351","Nhẫn Tròn K2","TTM","Vàng 24K",,"Còn tồn","5","0","5","0","0","0","0","65000","Phần Mềm Vàng","2HOANGKIM2","2VANG24K","46239.4163362269"
"I9602356","Nhẫn CNC","TTM","Vàng 24K",,"Còn tồn","0.34","0","0.34","0","576","426","0","4863","Phần Mềm Vàng","2HOANGKIM2","2VANG24K","46239.6995810995"
"I9602357","Nhẫn CNC","TTM","Vàng 24K",,"Còn tồn","0.239","0","0.239","0","320","157","0","3275.95","Phần Mềm Vàng","2HOANGKIM2","2VANG24K","46239.6995789352"
"I9602359","Nhẫn CNC","TTM","Vàng 24K",,"Còn tồn","0.301","0","0.301","0","350","198","0","4126.05","Phần Mềm Vàng","2HOANGKIM2","2VANG24K","46239.6995795139"
"I9602361","Nhẫn CNC","TTM","Vàng 24K",,"Còn tồn","0.233","0","0.233","0","300","153","0","3193.65","Phần Mềm Vàng","2HOANGKIM2","2VANG24K","46239.6995816782"
"I9602364","VÀNG RỒNG THĂNG LONG","TTM","Vàng 24K",,"Còn tồn","1","0","1","0","0","0","0","13920","Phần Mềm Vàng","2HOANGKIM2","2VANG24K","46239.856519294"
"I9602365","PNJ2","TTM","Vàng 24K",,"Còn tồn","1","0","1","0","0","0","0","13790","Phần Mềm Vàng","2HOANGKIM2","2VANG24K","46239.8565195602"
"I9602366","Sjc","TTM","Vàng 24K",,"Còn tồn","1","0","1","0","0","0","0","13830","Phần Mềm Vàng","2HOANGKIM2","2VANG24K","46239.8565187153"
"I9602369","Nhẫn Tròn K2","TTM","Vàng 24K",,"Còn tồn","10","0","10","0","0","0","0","132000","Phần Mềm Vàng","2HOANGKIM2","2VANG24K","46241.4322011921"
"I9602370","Bông","TTM","Vàng 24K",,"Còn tồn","0.2565","0","0.2565","0","390","192","0","3598.32","Phần Mềm Vàng","2HOANGKIM2","2VANG24K","46242.4589342593"
"I9602371","Bông","TTM","Vàng 24K",,"Còn tồn","0.246","0","0.246","0","390","184","0","3450.88","Phần Mềm Vàng","2HOANGKIM2","2VANG24K","46242.4589309028"
"I9602372","Bông","TTM","Vàng 24K",,"Còn tồn","0.7965","0","0.7965","0","800","597","0","11174.52","Phần Mềm Vàng","2HOANGKIM2","2VANG24K","46242.4589328356"
"I9602373","Lắc 24k","TTM","Vàng 24K",,"Còn tồn","0.959","0","0.959","0","1000","719","0","13454.52","Phần Mềm Vàng","2HOANGKIM2","2VANG24K","46242.4589336806"
"I9602375","Bát 24k","TTM","Vàng 24K",,"Còn tồn","0.4145","0","0.4145","0","550","310","0","5814.56","Phần Mềm Vàng","2HOANGKIM2","2VANG24K","46242.4589331019"
"I9602376","Mặt  Kiểu 9999","TTM","Vàng 24K",,"Còn tồn","0.817","0","0.817","0","900","612","0","11461.76","Phần Mềm Vàng","2HOANGKIM2","2VANG24K","46242.4589334144"
"I9602377","Mặt  Kiểu 9999","TTM","Vàng 24K",,"Còn tồn","0.992","0","0.992","0","1000","744","0","13917.76","Phần Mềm Vàng","2HOANGKIM2","2VANG24K","46242.4589339931"
"I9602380","Lắc CNC 2","TTM","Vàng 24K",,"Còn tồn","2.03733","0","2.03733","0","2000","1324","0","28013.023","Phần Mềm Vàng","2HOANGKIM2","2VANG24K","46242.4589315972"
"I9602381","Lắc CNC 2","TTM","Vàng 24K",,"Còn tồn","2.3045","0","2.3045","0","2200","1382","0","31801.4","Phần Mềm Vàng","2HOANGKIM2","2VANG24K","46248.6380924769"
"I9602383","Lắc CNC 2","TTM","Vàng 24K",,"Còn tồn","2.2735","0","2.2735","0","2200","1364","0","31374.2","Phần Mềm Vàng","2HOANGKIM2","2VANG24K","46248.6380921644"
"I9602385","Lắc CNC 2","TTM","Vàng 24K",,"Còn tồn","1.5865","0","1.5865","0","1500","951","0","21892.8","Phần Mềm Vàng","2HOANGKIM2","2VANG24K","46248.6380915857"
"I9602386","Lắc CNC 2","TTM","Vàng 24K",,"Còn tồn","1.95","0","1.95","0","1950","1267","0","27611.5","Phần Mềm Vàng","2HOANGKIM2","2VANG24K","46248.6380930556"
"I9602387","Lắc CNC 2","TTM","Vàng 24K",,"Còn tồn","1.437","0","1.437","0","1500","934","0","20347.87","Phần Mềm Vàng","2HOANGKIM2","2VANG24K","46248.6380881134"
"I9602400","Nhẫn CNC","TTM","Vàng 24K",,"Còn tồn","0.214","0","0.214","0","299","139","0","2963.8","Phần Mềm Vàng","2HOANGKIM2","2VANG24K","46248.5755529745"
"I9602402","Nhẫn CNC","TTM","Vàng 24K",,"Còn tồn","0.22665","0","0.22665","0","320","147","0","3138.78","Phần Mềm Vàng","2HOANGKIM2","2VANG24K","46248.5755539005"
"I9602403","Nhẫn CNC","TTM","Vàng 24K",,"Còn tồn","0.201","0","0.201","0","320","130","0","2783.2","Phần Mềm Vàng","2HOANGKIM2","2VANG24K","46248.5755511227"
"I9602404","Thìa 24k","TTM","Vàng 24K",,"Còn tồn","0.274","0","0.274","0","409","191","0","3925.62","Phần Mềm Vàng","2HOANGKIM2","2VANG24K","46248.7159159375"
"I9602405","Thìa 24k","TTM","Vàng 24K",,"Còn tồn","0.299","0","0.299","0","409","209","0","4284.37","Phần Mềm Vàng","2HOANGKIM2","2VANG24K","46248.7159151273"
"I9602407","Nhẫn CNC 2","TTM","Vàng 24K",,"Còn tồn","0.523","0","0.523","0","513","313","0","7425.8","Phần Mềm Vàng","2HOANGKIM2","2VANG24K","46253.5192815972"
"I9602409","Nhẫn Tròn K2","TTM","Vàng 24K",,"Còn tồn","2","0","2","0","0","0","0","26900","Phần Mềm Vàng","2HOANGKIM2","2VANG24K","46253.5192810532"
"I9602410","Nhẫn Tròn K2","TTM","Vàng 24K",,"Còn tồn","5","0","5","0","0","0","0","68000","Phần Mềm Vàng","2HOANGKIM2","2VANG24K","46253.7004772338"
"I9602411","VÀNG RỒNG THĂNG LONG","TTM","Vàng 24K",,"Còn tồn","1","0","1","0","0","0","0","14300","Phần Mềm Vàng","2HOANGKIM2","2VANG24K","46254.7211882292"
"I9602412","PHÚ QUÝ 2","TTM","Vàng 24K",,"Còn tồn","1","0","1","0","0","0","0","14300","Phần Mềm Vàng","2HOANGKIM2","2VANG24K","46254.7211895023"
"I9602413","BtmH2","TTM","Vàng 24K",,"Còn tồn","1","0","1","0","0","0","0","14300","Phần Mềm Vàng","2HOANGKIM2","2VANG24K","46254.7211891204"
"I9602414","BtmH2","TTM","Vàng 24K",,"Còn tồn","1","0","1","0","0","0","0","14300","Phần Mềm Vàng","2HOANGKIM2","2VANG24K","46254.7211900116"
"I9602415","Nhẫn Tròn K2","TTM","Vàng 24K",,"Còn tồn","1","0","1","0","0","0","0","13480","Phần Mềm Vàng","2HOANGKIM2","2VANG24K","46254.7211887384"
"I9602416","Nhẫn Tròn K2","TTM","Vàng 24K",,"Còn tồn","1","0","1","0","0","0","0","13480","Phần Mềm Vàng","2HOANGKIM2","2VANG24K","46254.7211805903"
"I9602417","Nhẫn CNC 2","TTM","Vàng 24K",,"Còn tồn","0.4695","0","0.4695","0","574","374","0","6712.25","Phần Mềm Vàng","2HOANGKIM2","2VANG24K","46255.3874203356"
"I9602419","Lắc CNC 2","TTM","Vàng 24K",,"Còn tồn","2.4105","0","2.4105","0","2450","1663","0","34204.75","Phần Mềm Vàng","2HOANGKIM2","2VANG24K","46255.3874291319"
"I9602420","Nhẫn Tròn K2","TTM","Vàng 24K",,"Còn tồn","1","0","1","0","0","15","0","13615","Phần Mềm Vàng","2HOANGKIM2","2VANG24K","46256.6153916667"
"I9602421","Nhẫn Tròn K2","TTM","Vàng 24K",,"Còn tồn","1","0","1","0","0","15","0","13615","Phần Mềm Vàng","2HOANGKIM2","2VANG24K","46256.6153979167"
"I9602422","Nhẫn Tròn K2","TTM","Vàng 24K",,"Còn tồn","1","0","1","0","0","15","0","13615","Phần Mềm Vàng","2HOANGKIM2","2VANG24K","46256.6153862616"
"I9602423","Nhẫn Tròn K2","TTM","Vàng 24K",,"Còn tồn","1","0","1","0","0","15","0","13615","Phần Mềm Vàng","2HOANGKIM2","2VANG24K","46256.6153983796"
"I9602424","Nhẫn Tròn K2","TTM","Vàng 24K",,"Còn tồn","1","0","1","0","0","15","0","13615","Phần Mềm Vàng","2HOANGKIM2","2VANG24K","46256.6153993056"
"I9602425","Nhẫn Tròn K2","TTM","Vàng 24K",,"Còn tồn","1","0","1","0","0","15","0","13615","Phần Mềm Vàng","2HOANGKIM2","2VANG24K","46256.6153971875"
"I9602426","Nhẫn Tròn K2","TTM","Vàng 24K",,"Còn tồn","1","0","1","0","0","15","0","13615","Phần Mềm Vàng","2HOANGKIM2","2VANG24K","46256.6153922106"
"I9602427","Nhẫn Tròn K2","TTM","Vàng 24K",,"Còn tồn","1","0","1","0","0","15","0","13615","Phần Mềm Vàng","2HOANGKIM2","2VANG24K","46256.6153937153"
"I9602430","Nhẫn Tròn K2","TTM","Vàng 24K",,"Còn tồn","1","0","1","0","0","0","0","14100","Phần Mềm Vàng","2HOANGKIM2","2VANG24K","46257.5443429051"
"I9602432","ThẦN TÀI 2","TTM","Vàng 24K",,"Còn tồn","1","0","1","0","0","0","0","14250","Phần Mềm Vàng","2HOANGKIM2","2VANG24K","46260.6930841782"
"I9602433","ThẦN TÀI 2","TTM","Vàng 24K",,"Còn tồn","1","0","1","0","0","0","0","14250","Phần Mềm Vàng","2HOANGKIM2","2VANG24K","46260.6930836458"
"I9602434","Nhẫn CNC  K2","TTM","Vàng 24K",,"Còn tồn","0.507","0","0.507","0","584","380","0","7478","Phần Mềm Vàng","2HOANGKIM2","2VANG24K","46260.7729173264"
"I9602437","Nhẫn CNC  K2","TTM","Vàng 24K",,"Còn tồn","0.2925","0","0.2925","0","420","219","0","4314","Phần Mềm Vàng","2HOANGKIM2","2VANG24K","46260.772915081"
"I9602439","Mặt CNC 5G","TTM","Vàng 24K",,"Còn tồn","0.786","0","0.786","0","800","550","0","11891.98","Phần Mềm Vàng","2HOANGKIM2","2VANG24K","46260.7729186343"
"I9602440","Mặt CNC 5G","TTM","Vàng 24K",,"Còn tồn","0.805","0","0.805","0","850","563","0","12179.15","Phần Mềm Vàng","2HOANGKIM2","2VANG24K","46260.7729107292"
"I9602441","Day","TTM","Vàng 24K",,"Còn tồn","1.097","0","1.097","0","1100","767","0","16596.71","Phần Mềm Vàng","2HOANGKIM2","2VANG24K","46260.7729161227"
"I9602442","Day","TTM","Vàng 24K",,"Còn tồn","1.106","0","1.106","0","1100","774","0","16258","Phần Mềm Vàng","2HOANGKIM2","2VANG24K","46260.7729199884"
"I9602445","Lac cnc","TTM","Vàng 24K",,"Còn tồn","0.927","0","0.927","0","1000","648","0","13626","Phần Mềm Vàng","2HOANGKIM2","2VANG24K","46260.7729133912"
"I9602446","Nhẫn CNC","TTM","Vàng 24K",,"Còn tồn","0.282","0","0.282","0","411","211","0","4159","Phần Mềm Vàng","2HOANGKIM2","2VANG24K","46260.7729166319"
"I9602449","VÀNG RỒNG THĂNG LONG","TTM","Vàng 24K",,"Còn tồn","3","0","3","0","0","0","0","44160","Phần Mềm Vàng","2HOANGKIM2","2VANG24K","46262.7339602662"
"I9602450","VÀNG RỒNG THĂNG LONG","TTM","Vàng 24K",,"Còn tồn","3","0","3","0","0","0","0","44160","Phần Mềm Vàng","2HOANGKIM2","2VANG24K","46262.7339702546"
"I9602451","VÀNG RỒNG THĂNG LONG","TTM","Vàng 24K",,"Còn tồn","3","0","3","0","0","0","0","44160","Phần Mềm Vàng","2HOANGKIM2","2VANG24K","46262.7339694444"
"I9602455","VÀNG RỒNG THĂNG LONG","TTM","Vàng 24K",,"Còn tồn","3","0","3","0","0","0","0","43590","Phần Mềm Vàng","2HOANGKIM2","2VANG24K","46264.6592556366"
"I9602456","Lắc Cd","TTM","Vàng 24K",,"Còn tồn","1.165","0","1.165","0","1400","1048","0","17206.55","Phần Mềm Vàng","2HOANGKIM2","2VANG24K","46265.3880636574"
"I9602458","Lắc TrƠN 24k","TTM","Vàng 24K",,"Còn tồn","1.601","0","1.601","0","1700","1040","0","23870.26","Phần Mềm Vàng","2HOANGKIM2","2VANG24K","46265.4598920139"
"I9602460","Dây Cỏ 24k","TTM","Vàng 24K",,"Còn tồn","1.176","0","1.176","0","1300","764","0","16992.8","Phần Mềm Vàng","2HOANGKIM2","2VANG24K","46271.3811802083"
"I9602461","Lắc Cd 24k","TTM","Vàng 24K",,"Còn tồn","1.78","0","1.78","0","1900","1157","0","25721","Phần Mềm Vàng","2HOANGKIM2","2VANG24K","46271.3811812153"
"I9602462","Lắc mì 24k","TTM","Vàng 24K",,"Còn tồn","2.29","0","2.29","0","2500","1947","0","33549","Phần Mềm Vàng","2HOANGKIM2","2VANG24K","46271.3811852662"
"I9602463","Lắc LV 24k","TTM","Vàng 24K",,"Còn tồn","1.285","0","1.285","0","1927","1542","0","19275","Phần Mềm Vàng","2HOANGKIM2","2VANG24K","46271.3811797801"
"IA600001","Lắc dây 10K2","TTM","Đá Phong Thuỷ",,"Còn tồn","0","0","0","0","0","0","2500","1999","Phần Mềm Vàng","2HOANGKIM2","2PHONGTHUY","46031.7619655093"
"IA600002","Lắc dây 10K2","TTM","Đá Phong Thuỷ",,"Còn tồn","0","0","0","0","0","0","2500","1999","Phần Mềm Vàng","2HOANGKIM2","2PHONGTHUY","46031.7619819444"
"IA600003","Lắc dây 10K2","TTM","Đá Phong Thuỷ",,"Còn tồn","0","0","0","0","0","0","2500","1999","Phần Mềm Vàng","2HOANGKIM2","2PHONGTHUY","46031.761978044"
"IA600004","Lắc dây 10K2","TTM","Đá Phong Thuỷ",,"Còn tồn","0","0","0","0","0","0","2700","2050","Phần Mềm Vàng","2HOANGKIM2","2PHONGTHUY","46031.7619259259"
"IA600005","Lắc dây 10K2","TTM","Đá Phong Thuỷ",,"Còn tồn","0","0","0","0","0","0","2900","2250","Phần Mềm Vàng","2HOANGKIM2","2PHONGTHUY","46031.7619459491"
"IA600006","Lắc dây 10K2","TTM","Đá Phong Thuỷ",,"Còn tồn","0","0","0","0","0","0","2900","2250","Phần Mềm Vàng","2HOANGKIM2","2PHONGTHUY","46031.7619760417"
"IA600043","Nhẫn Ngọc","TTM","Đá Phong Thuỷ",,"Còn tồn","0","0","0","0","0","0","199","75","Phần Mềm Vàng","2HOANGKIM2","2PHONGTHUY","46075.8422575231"
"IA600053","Nhẫn Trơn vàng tây","TTM","Đá Phong Thuỷ",,"Còn tồn","0","0","0","0","0","0","999","690","Phần Mềm Vàng","2HOANGKIM2","2PHONGTHUY","46076.3474481481"
"IA600059","Nhẫn Ngọc","TTM","Đá Phong Thuỷ",,"Còn tồn","0","0","0","0","0","0","229","110","Phần Mềm Vàng","2HOANGKIM2","2PHONGTHUY","46077.4874414352"
"IA600062","Nhẫn Ngọc","TTM","Đá Phong Thuỷ",,"Còn tồn","0","0","0","0","0","0","229","110","Phần Mềm Vàng","2HOANGKIM2","2PHONGTHUY","46077.4874419792"
"IA600071","Nhẫn Ngọc","TTM","Đá Phong Thuỷ",,"Còn tồn","0","0","0","0","0","0","499","260","Phần Mềm Vàng","2HOANGKIM2","2PHONGTHUY","46077.4874305556"
"IA600078","Nhẫn Ngọc","TTM","Đá Phong Thuỷ",,"Còn tồn","0","0","0","0","0","0","499","260","Phần Mềm Vàng","2HOANGKIM2","2PHONGTHUY","46077.4874131597"
"IA600080","Nhẫn vàng tây","TTM","Đá Phong Thuỷ",,"Còn tồn","0","0","0","0","0","0","999","690","Phần Mềm Vàng","2HOANGKIM2","2PHONGTHUY","46077.5015205208"
"IA600083","Nhẫn vàng tây","TTM","Đá Phong Thuỷ",,"Còn tồn","0","0","0","0","0","0","999","690","Phần Mềm Vàng","2HOANGKIM2","2PHONGTHUY","46077.5015174768"
"IA600103","Dây TẾT 24k","TTM","Đá Phong Thuỷ",,"Còn tồn","0","0","0","0","0","0","880","620","Phần Mềm Vàng","2HOANGKIM2","2PHONGTHUY","46078.4994836806"
"IA600108","Nhẫn Ngọc","TTM","Đá Phong Thuỷ",,"Còn tồn","0","0","0","0","0","0","499","260","Phần Mềm Vàng","2HOANGKIM2","2PHONGTHUY","46078.4994671296"
"IA600109","Nhẫn Ngọc","TTM","Đá Phong Thuỷ",,"Còn tồn","0","0","0","0","0","0","499","260","Phần Mềm Vàng","2HOANGKIM2","2PHONGTHUY","46078.4994614931"
"IA600114","Nhẫn Ngọc","TTM","Đá Phong Thuỷ",,"Còn tồn","0","0","0","0","0","0","429","230","Phần Mềm Vàng","2HOANGKIM2","2PHONGTHUY","46078.4994692477"
"IA600118","Nhẫn Ngọc","TTM","Đá Phong Thuỷ",,"Còn tồn","0","0","0","0","0","0","429","230","Phần Mềm Vàng","2HOANGKIM2","2PHONGTHUY","46078.4994806713"
"IA600124","Nhẫn Ngọc","TTM","Đá Phong Thuỷ",,"Còn tồn","0","0","0","0","0","0","429","230","Phần Mềm Vàng","2HOANGKIM2","2PHONGTHUY","46078.499465706"
"IA600125","Nhẫn Ngọc","TTM","Đá Phong Thuỷ",,"Còn tồn","0","0","0","0","0","0","429","230","Phần Mềm Vàng","2HOANGKIM2","2PHONGTHUY","46078.499472338"
"IA600126","Nhẫn Ngọc","TTM","Đá Phong Thuỷ",,"Còn tồn","0","0","0","0","0","0","429","230","Phần Mềm Vàng","2HOANGKIM2","2PHONGTHUY","46078.4994591435"
"IA600130","Nhẫn Ngọc","TTM","Đá Phong Thuỷ",,"Còn tồn","0","0","0","0","0","0","429","230","Phần Mềm Vàng","2HOANGKIM2","2PHONGTHUY","46078.4994695949"
"IA600131","Nhẫn Ngọc","TTM","Đá Phong Thuỷ",,"Còn tồn","0","0","0","0","0","0","429","230","Phần Mềm Vàng","2HOANGKIM2","2PHONGTHUY","46078.4994758912"
"IA600132","Nhẫn Ngọc","TTM","Đá Phong Thuỷ",,"Còn tồn","0","0","0","0","0","0","429","230","Phần Mềm Vàng","2HOANGKIM2","2PHONGTHUY","46078.4994878819"
"IA600133","Nhẫn Ngọc","TTM","Đá Phong Thuỷ",,"Còn tồn","0","0","0","0","0","0","429","230","Phần Mềm Vàng","2HOANGKIM2","2PHONGTHUY","46078.4994594907"
"IA600135","Dây TẾT 24k","TTM","Đá Phong Thuỷ",,"Còn tồn","0","0","0","0","0","0","566","420","Phần Mềm Vàng","2HOANGKIM2","2PHONGTHUY","46078.8698555903"
"IA600137","Dây TẾT 24k","TTM","Đá Phong Thuỷ",,"Còn tồn","0","0","0","0","0","0","566","420","Phần Mềm Vàng","2HOANGKIM2","2PHONGTHUY","46078.8699414699"
"IA600141","Nhẫn Ngọc","TTM","Đá Phong Thuỷ",,"Còn tồn","0","0","0","0","0","0","499","260","Phần Mềm Vàng","2HOANGKIM2","2PHONGTHUY","46078.8698598727"
"IA600146","Nhẫn Ngọc","TTM","Đá Phong Thuỷ",,"Còn tồn","0","0","0","0","0","0","499","260","Phần Mềm Vàng","2HOANGKIM2","2PHONGTHUY","46078.8699419329"
"IA600148","Nhẫn Ngọc","TTM","Đá Phong Thuỷ",,"Còn tồn","0","0","0","0","0","0","499","260","Phần Mềm Vàng","2HOANGKIM2","2PHONGTHUY","46078.8698846412"
"IA600156","Nhẫn Ngọc","TTM","Đá Phong Thuỷ",,"Còn tồn","0","0","0","0","0","0","499","260","Phần Mềm Vàng","2HOANGKIM2","2PHONGTHUY","46078.8698621528"
"IA600161","Nhẫn Ngọc","TTM","Đá Phong Thuỷ",,"Còn tồn","0","0","0","0","0","0","229","110","Phần Mềm Vàng","2HOANGKIM2","2PHONGTHUY","46078.8698478009"
"IA600163","Nhẫn Ngọc","TTM","Đá Phong Thuỷ",,"Còn tồn","0","0","0","0","0","0","229","110","Phần Mềm Vàng","2HOANGKIM2","2PHONGTHUY","46078.8699125347"
"IA600167","Nhẫn Ngọc","TTM","Đá Phong Thuỷ",,"Còn tồn","0","0","0","0","0","0","229","110","Phần Mềm Vàng","2HOANGKIM2","2PHONGTHUY","46078.8699057523"
"IA600168","Nhẫn Ngọc","TTM","Đá Phong Thuỷ",,"Còn tồn","0","0","0","0","0","0","229","110","Phần Mềm Vàng","2HOANGKIM2","2PHONGTHUY","46078.8698550116"
"IA600170","Nhẫn Ngọc","TTM","Đá Phong Thuỷ",,"Còn tồn","0","0","0","0","0","0","229","110","Phần Mềm Vàng","2HOANGKIM2","2PHONGTHUY","46078.8699236111"
"IA600173","Nhẫn Ngọc","TTM","Đá Phong Thuỷ",,"Còn tồn","0","0","0","0","0","0","229","110","Phần Mềm Vàng","2HOANGKIM2","2PHONGTHUY","46078.8698636574"
"IA600209","Dây TẾT 24k","TTM","Đá Phong Thuỷ",,"Còn tồn","0","0","0","0","0","0","666","480","Phần Mềm Vàng","2HOANGKIM2","2PHONGTHUY","46081.4746859954"
"IA600210","Dây TẾT 24k","TTM","Đá Phong Thuỷ",,"Còn tồn","0","0","0","0","0","0","666","480","Phần Mềm Vàng","2HOANGKIM2","2PHONGTHUY","46081.4746441319"
"IA600211","Dây TẾT 24k","TTM","Đá Phong Thuỷ",,"Còn tồn","0","0","0","0","0","0","666","480","Phần Mềm Vàng","2HOANGKIM2","2PHONGTHUY","46081.4746956366"
"IA600212","Dây TẾT 24k","TTM","Đá Phong Thuỷ",,"Còn tồn","0","0","0","0","0","0","666","480","Phần Mềm Vàng","2HOANGKIM2","2PHONGTHUY","46081.474684838"
"IA600215","Dây TẾT 24k","TTM","Đá Phong Thuỷ",,"Còn tồn","0","0","0","0","0","0","666","480","Phần Mềm Vàng","2HOANGKIM2","2PHONGTHUY","46081.4746826389"
"IA600283","Dây TẾT 24k","TTM","Đá Phong Thuỷ",,"Còn tồn","0","0","0","0","0","0","860","530","Phần Mềm Vàng","2HOANGKIM2","2PHONGTHUY","46085.8317546296"
"IA600284","Dây TẾT 24k","TTM","Đá Phong Thuỷ",,"Còn tồn","0","0","0","0","0","0","860","530","Phần Mềm Vàng","2HOANGKIM2","2PHONGTHUY","46085.8317247685"
"IA600286","Nhẫn Ngọc","TTM","Đá Phong Thuỷ",,"Còn tồn","0","0","0","0","0","0","499","0","Phần Mềm Vàng","2HOANGKIM2","2PHONGTHUY","46085.8317300579"
"IA600289","Nhẫn Ngọc","TTM","Đá Phong Thuỷ",,"Còn tồn","0","0","0","0","0","0","499","0","Phần Mềm Vàng","2HOANGKIM2","2PHONGTHUY","46085.8317497685"
"IA600292","Nhẫn Ngọc","TTM","Đá Phong Thuỷ",,"Còn tồn","0","0","0","0","0","0","499","0","Phần Mềm Vàng","2HOANGKIM2","2PHONGTHUY","46085.8317520486"
"IA600293","Nhẫn Ngọc","TTM","Đá Phong Thuỷ",,"Còn tồn","0","0","0","0","0","0","499","0","Phần Mềm Vàng","2HOANGKIM2","2PHONGTHUY","46085.8317263079"
"IA600295","Nhẫn Ngọc","TTM","Đá Phong Thuỷ",,"Còn tồn","0","0","0","0","0","0","499","260","Phần Mềm Vàng","2HOANGKIM2","2PHONGTHUY","46085.8317526273"
"IA600296","Lam ngọc","TTM","Đá Phong Thuỷ",,"Còn tồn","0","0","0","0","0","0","3800","1600","Phần Mềm Vàng","2HOANGKIM2","2PHONGTHUY","46089.5153082523"
"IA600297","Phỉ thúy hoa bay","TTM","Đá Phong Thuỷ",,"Còn tồn","0","0","0","0","0","0","999","380","Phần Mềm Vàng","2HOANGKIM2","2PHONGTHUY","46089.5152773495"
"IA600301","Lam ngọc","TTM","Đá Phong Thuỷ",,"Còn tồn","0","0","0","0","0","0","499","180","Phần Mềm Vàng","2HOANGKIM2","2PHONGTHUY","46089.5153070255"
"IA600302","Lam ngọc","TTM","Đá Phong Thuỷ",,"Còn tồn","0","0","0","0","0","0","499","180","Phần Mềm Vàng","2HOANGKIM2","2PHONGTHUY","46089.5152763889"
"IA600303","Lam ngọc","TTM","Đá Phong Thuỷ",,"Còn tồn","0","0","0","0","0","0","499","180","Phần Mềm Vàng","2HOANGKIM2","2PHONGTHUY","46089.5153110301"
"IA600304","Phỉ thúy hoa bay","TTM","Đá Phong Thuỷ",,"Còn tồn","0","0","0","0","0","0","580","180","Phần Mềm Vàng","2HOANGKIM2","2PHONGTHUY","46089.5153086458"
"IA600305","Phỉ thúy hoa bay","TTM","Đá Phong Thuỷ",,"Còn tồn","0","0","0","0","0","0","580","180","Phần Mềm Vàng","2HOANGKIM2","2PHONGTHUY","46089.5152660069"
"IA600308","Phỉ thúy hoa bay","TTM","Đá Phong Thuỷ",,"Còn tồn","0","0","0","0","0","0","860","320","Phần Mềm Vàng","2HOANGKIM2","2PHONGTHUY","46089.515275"
"IA600314","Nhẫn Ngọc","TTM","Đá Phong Thuỷ",,"Còn tồn","0","0","0","0","0","0","429","230","Phần Mềm Vàng","2HOANGKIM2","2PHONGTHUY","46090.5471065625"
"IA600315","Nhẫn Ngọc","TTM","Đá Phong Thuỷ",,"Còn tồn","0","0","0","0","0","0","429","230","Phần Mềm Vàng","2HOANGKIM2","2PHONGTHUY","46090.5471003472"
"IA600319","Nhẫn Ngọc","TTM","Đá Phong Thuỷ",,"Còn tồn","0","0","0","0","0","0","429","230","Phần Mềm Vàng","2HOANGKIM2","2PHONGTHUY","46090.5471033912"
"IA600320","Nhẫn Ngọc","TTM","Đá Phong Thuỷ",,"Còn tồn","0","0","0","0","0","0","429","230","Phần Mềm Vàng","2HOANGKIM2","2PHONGTHUY","46090.5471113773"
"IA600322","Nhẫn Ngọc","TTM","Đá Phong Thuỷ",,"Còn tồn","0","0","0","0","0","0","429","230","Phần Mềm Vàng","2HOANGKIM2","2PHONGTHUY","46090.5470912384"
"IA600324","Nhẫn Ngọc","TTM","Đá Phong Thuỷ",,"Còn tồn","0","0","0","0","0","0","429","230","Phần Mềm Vàng","2HOANGKIM2","2PHONGTHUY","46090.5471092245"
"IA600325","Nhẫn Ngọc","TTM","Đá Phong Thuỷ",,"Còn tồn","0","0","0","0","0","0","429","230","Phần Mềm Vàng","2HOANGKIM2","2PHONGTHUY","46090.5471207523"
"IA600328","TA tóc vàng","TTM","Đá Phong Thuỷ",,"Còn tồn","0","0","0","0","0","0","1860","860","Phần Mềm Vàng","2HOANGKIM2","2PHONGTHUY","46090.547112963"
"IA600329","Nhẫn Ngọc","TTM","Đá Phong Thuỷ",,"Còn tồn","0","0","0","0","0","0","266","130","Phần Mềm Vàng","2HOANGKIM2","2PHONGTHUY","46098.5502151968"
"IA600330","Nhẫn Ngọc","TTM","Đá Phong Thuỷ",,"Còn tồn","0","0","0","0","0","0","266","130","Phần Mềm Vàng","2HOANGKIM2","2PHONGTHUY","46098.5502655093"
"IA600331","Nhẫn Ngọc","TTM","Đá Phong Thuỷ",,"Còn tồn","0","0","0","0","0","0","266","130","Phần Mềm Vàng","2HOANGKIM2","2PHONGTHUY","46098.5502474537"
"IA600334","Phỉ thúy hoa bay","TTM","Đá Phong Thuỷ",,"Còn tồn","0","0","0","0","0","0","1400","730","Phần Mềm Vàng","2HOANGKIM2","2PHONGTHUY","46105.6228367245"
"IA600335","Phỉ thúy hoa bay","TTM","Đá Phong Thuỷ",,"Còn tồn","0","0","0","0","0","0","1400","730","Phần Mềm Vàng","2HOANGKIM2","2PHONGTHUY","46105.6228378125"
"IA600336","Phỉ thúy hoa bay","TTM","Đá Phong Thuỷ",,"Còn tồn","0","0","0","0","0","0","1400","760","Phần Mềm Vàng","2HOANGKIM2","2PHONGTHUY","46105.6228432523"
"IA600337","Phỉ thúy hoa bay","TTM","Đá Phong Thuỷ",,"Còn tồn","0","0","0","0","0","0","1400","770","Phần Mềm Vàng","2HOANGKIM2","2PHONGTHUY","46105.6228545486"
"IA600338","Phỉ thúy hoa bay","TTM","Đá Phong Thuỷ",,"Còn tồn","0","0","0","0","0","0","3000","1070","Phần Mềm Vàng","2HOANGKIM2","2PHONGTHUY","46105.622856331"
"IA600339","LU dài","TTM","Đá Phong Thuỷ",,"Còn tồn","0","0","0","0","0","0","460","180","Phần Mềm Vàng","2HOANGKIM2","2PHONGTHUY","46105.6228518171"
"IA600340","LU dài","TTM","Đá Phong Thuỷ",,"Còn tồn","0","0","0","0","0","0","460","180","Phần Mềm Vàng","2HOANGKIM2","2PHONGTHUY","46105.6228372685"
"IA600341","LU dài","TTM","Đá Phong Thuỷ",,"Còn tồn","0","0","0","0","0","0","460","180","Phần Mềm Vàng","2HOANGKIM2","2PHONGTHUY","46105.6228486921"
"IA600342","LU dài","TTM","Đá Phong Thuỷ",,"Còn tồn","0","0","0","0","0","0","460","180","Phần Mềm Vàng","2HOANGKIM2","2PHONGTHUY","46105.6228351042"
"IA600343","LU dài","TTM","Đá Phong Thuỷ",,"Còn tồn","0","0","0","0","0","0","460","180","Phần Mềm Vàng","2HOANGKIM2","2PHONGTHUY","46105.6228426273"
"IA600344","LU dài","TTM","Đá Phong Thuỷ",,"Còn tồn","0","0","0","0","0","0","460","210","Phần Mềm Vàng","2HOANGKIM2","2PHONGTHUY","46105.6228492245"
"IA600345","LU dài","TTM","Đá Phong Thuỷ",,"Còn tồn","0","0","0","0","0","0","460","210","Phần Mềm Vàng","2HOANGKIM2","2PHONGTHUY","46105.6228453704"
"IA600346","LU dài","TTM","Đá Phong Thuỷ",,"Còn tồn","0","0","0","0","0","0","460","210","Phần Mềm Vàng","2HOANGKIM2","2PHONGTHUY","46105.6228534375"
"IA600347","LU dài","TTM","Đá Phong Thuỷ",,"Còn tồn","0","0","0","0","0","0","460","210","Phần Mềm Vàng","2HOANGKIM2","2PHONGTHUY","46105.6228399306"
"IA600348","LU dài","TTM","Đá Phong Thuỷ",,"Còn tồn","0","0","0","0","0","0","460","210","Phần Mềm Vàng","2HOANGKIM2","2PHONGTHUY","46105.6228443287"
"IA600349","LU lùn","TTM","Đá Phong Thuỷ",,"Còn tồn","0","0","0","0","0","0","360","160","Phần Mềm Vàng","2HOANGKIM2","2PHONGTHUY","46105.6228576389"
"IA600350","LU lùn","TTM","Đá Phong Thuỷ",,"Còn tồn","0","0","0","0","0","0","360","160","Phần Mềm Vàng","2HOANGKIM2","2PHONGTHUY","46105.6228383102"
"IA600352","LU lùn","TTM","Đá Phong Thuỷ",,"Còn tồn","0","0","0","0","0","0","360","160","Phần Mềm Vàng","2HOANGKIM2","2PHONGTHUY","46105.6228409722"
"IA600353","LU lùn","TTM","Đá Phong Thuỷ",,"Còn tồn","0","0","0","0","0","0","360","160","Phần Mềm Vàng","2HOANGKIM2","2PHONGTHUY","46105.6228512384"
"IA600354","ĐIếu","TTM","Đá Phong Thuỷ",,"Còn tồn","0","0","0","0","0","0","500","170","Phần Mềm Vàng","2HOANGKIM2","2PHONGTHUY","46105.6228361921"
"IA600355","ĐIếu","TTM","Đá Phong Thuỷ",,"Còn tồn","0","0","0","0","0","0","500","170","Phần Mềm Vàng","2HOANGKIM2","2PHONGTHUY","46105.6228481829"
"IA600356","ĐIếu","TTM","Đá Phong Thuỷ",,"Còn tồn","0","0","0","0","0","0","500","170","Phần Mềm Vàng","2HOANGKIM2","2PHONGTHUY","46105.6228415856"
"IA600358","ĐIếu","TTM","Đá Phong Thuỷ",,"Còn tồn","0","0","0","0","0","0","500","170","Phần Mềm Vàng","2HOANGKIM2","2PHONGTHUY","46105.6228497685"
"IA600359","Phỉ thúy hồ ly","TTM","Đá Phong Thuỷ",,"Còn tồn","0","0","0","0","0","0","500","200","Phần Mềm Vàng","2HOANGKIM2","2PHONGTHUY","46105.6228404745"
"IA600360","Phỉ thúy hồ ly","TTM","Đá Phong Thuỷ",,"Còn tồn","0","0","0","0","0","0","500","200","Phần Mềm Vàng","2HOANGKIM2","2PHONGTHUY","46105.6228356829"
"IA600361","Phỉ thúy hồ ly","TTM","Đá Phong Thuỷ",,"Còn tồn","0","0","0","0","0","0","500","200","Phần Mềm Vàng","2HOANGKIM2","2PHONGTHUY","46105.6228458681"
"IA600363","Phỉ thúy hồ ly","TTM","Đá Phong Thuỷ",,"Còn tồn","0","0","0","0","0","0","500","200","Phần Mềm Vàng","2HOANGKIM2","2PHONGTHUY","46105.6228421296"
"IA600364","Phỉ thúy  cỏ","TTM","Đá Phong Thuỷ",,"Còn tồn","0","0","0","0","0","0","380","170","Phần Mềm Vàng","2HOANGKIM2","2PHONGTHUY","46105.6228303241"
"IA600365","Phỉ thúy  cỏ","TTM","Đá Phong Thuỷ",,"Còn tồn","0","0","0","0","0","0","380","170","Phần Mềm Vàng","2HOANGKIM2","2PHONGTHUY","46105.6228393866"
"IA600366","Phỉ thúy  cỏ","TTM","Đá Phong Thuỷ",,"Còn tồn","0","0","0","0","0","0","380","170","Phần Mềm Vàng","2HOANGKIM2","2PHONGTHUY","46105.6228463773"
"IA600367","Phỉ thúy  cỏ","TTM","Đá Phong Thuỷ",,"Còn tồn","0","0","0","0","0","0","380","170","Phần Mềm Vàng","2HOANGKIM2","2PHONGTHUY","46105.6228448727"
"IA600368","Phỉ thúy  cỏ","TTM","Đá Phong Thuỷ",,"Còn tồn","0","0","0","0","0","0","380","170","Phần Mềm Vàng","2HOANGKIM2","2PHONGTHUY","46105.6228523958"
"IA600369","Nhẫn Chân mèo","TTM","Đá Phong Thuỷ",,"Còn tồn","0","0","0","0","0","0","595","345","Phần Mềm Vàng","2HOANGKIM2","2PHONGTHUY","46113.8155493403"
"IA600370","Nhẫn Chân mèo","TTM","Đá Phong Thuỷ",,"Còn tồn","0","0","0","0","0","0","595","345","Phần Mềm Vàng","2HOANGKIM2","2PHONGTHUY","46113.8155474884"
"IA600372","Vòng Chân mèo","TTM","Đá Phong Thuỷ",,"Còn tồn","0","0","0","0","0","0","2400","2065","Phần Mềm Vàng","2HOANGKIM2","2PHONGTHUY","46113.8155441782"
"IA600373","Nhẫn Bnq","TTM","Đá Phong Thuỷ",,"Còn tồn","0","0","0","0","0","0","290","90","Phần Mềm Vàng","2HOANGKIM2","2PHONGTHUY","46113.8155559838"
"IA600376","Nhẫn Bnq","TTM","Đá Phong Thuỷ",,"Còn tồn","0","0","0","0","0","0","290","90","Phần Mềm Vàng","2HOANGKIM2","2PHONGTHUY","46113.8155554051"
"IA600377","Nhẫn Bnq","TTM","Đá Phong Thuỷ",,"Còn tồn","0","0","0","0","0","0","290","90","Phần Mềm Vàng","2HOANGKIM2","2PHONGTHUY","46113.8155464931"
"IA600378","Nhẫn Bnq","TTM","Đá Phong Thuỷ",,"Còn tồn","0","0","0","0","0","0","290","90","Phần Mềm Vàng","2HOANGKIM2","2PHONGTHUY","46113.8155541319"
"IA600379","Nhẫn Bnq","TTM","Đá Phong Thuỷ",,"Còn tồn","0","0","0","0","0","0","290","90","Phần Mềm Vàng","2HOANGKIM2","2PHONGTHUY","46113.8155572106"
"IA600380","Nhẫn Bnq","TTM","Đá Phong Thuỷ",,"Còn tồn","0","0","0","0","0","0","290","90","Phần Mềm Vàng","2HOANGKIM2","2PHONGTHUY","46113.8155480324"
"IA600381","Nhẫn Bnq","TTM","Đá Phong Thuỷ",,"Còn tồn","0","0","0","0","0","0","290","90","Phần Mềm Vàng","2HOANGKIM2","2PHONGTHUY","46113.8155565625"
"IA600382","Nhẫn Bnq","TTM","Đá Phong Thuỷ",,"Còn tồn","0","0","0","0","0","0","290","90","Phần Mềm Vàng","2HOANGKIM2","2PHONGTHUY","46113.8155448727"
"IA600384","Vòng BNQ","TTM","Đá Phong Thuỷ",,"Còn tồn","0","0","0","0","0","0","570","170","Phần Mềm Vàng","2HOANGKIM2","2PHONGTHUY","46113.8155515856"
"IA600387","Phỉ thúy hoa bay","TTM","Đá Phong Thuỷ",,"Còn tồn","0","0","0","0","0","0","880","380","Phần Mềm Vàng","2HOANGKIM2","2PHONGTHUY","46150.4922541319"
"IA600393","Nhẫn","TTM","Đá Phong Thuỷ",,"Còn tồn","0","0","0","0","0","0","380","180","Phần Mềm Vàng","2HOANGKIM2","2PHONGTHUY","46151.5508185995"
"IA600395","Nhẫn","TTM","Đá Phong Thuỷ",,"Còn tồn","0","0","0","0","0","0","380","180","Phần Mềm Vàng","2HOANGKIM2","2PHONGTHUY","46151.5508243403"
"IA600402","Nhẫn","TTM","Đá Phong Thuỷ",,"Còn tồn","0","0","0","0","0","0","380","180","Phần Mềm Vàng","2HOANGKIM2","2PHONGTHUY","46151.5508194097"
"IA600407","Nhẫn","TTM","Đá Phong Thuỷ",,"Còn tồn","0","0","0","0","0","0","380","180","Phần Mềm Vàng","2HOANGKIM2","2PHONGTHUY","46151.550825"
"IA600409","Nhẫn","TTM","Đá Phong Thuỷ",,"Còn tồn","0","0","0","0","0","0","380","180","Phần Mềm Vàng","2HOANGKIM2","2PHONGTHUY","46151.5508212963"
"IA600410","Nhẫn","TTM","Đá Phong Thuỷ",,"Còn tồn","0","0","0","0","0","0","380","180","Phần Mềm Vàng","2HOANGKIM2","2PHONGTHUY","46151.5508263889"
"IA600411","Nhẫn","TTM","Đá Phong Thuỷ",,"Còn tồn","0","0","0","0","0","0","380","180","Phần Mềm Vàng","2HOANGKIM2","2PHONGTHUY","46151.5508199884"
"IA600412","Nhẫn","TTM","Đá Phong Thuỷ",,"Còn tồn","0","0","0","0","0","0","380","180","Phần Mềm Vàng","2HOANGKIM2","2PHONGTHUY","46151.5508258912"
"IA600413","Nhẫn","TTM","Đá Phong Thuỷ",,"Còn tồn","0","0","0","0","0","0","380","180","Phần Mềm Vàng","2HOANGKIM2","2PHONGTHUY","46151.5508317477"
"IA600414","Nhẫn","TTM","Đá Phong Thuỷ",,"Còn tồn","0","0","0","0","0","0","380","180","Phần Mềm Vàng","2HOANGKIM2","2PHONGTHUY","46151.5508208333"
"IA600416","Nhẫn","TTM","Đá Phong Thuỷ",,"Còn tồn","0","0","0","0","0","0","380","180","Phần Mềm Vàng","2HOANGKIM2","2PHONGTHUY","46151.5508289352"
"IA600417","Nhẫn","TTM","Đá Phong Thuỷ",,"Còn tồn","0","0","0","0","0","0","380","180","Phần Mềm Vàng","2HOANGKIM2","2PHONGTHUY","46151.5508181713"
"IA600418","Nhẫn","TTM","Đá Phong Thuỷ",,"Còn tồn","0","0","0","0","0","0","380","180","Phần Mềm Vàng","2HOANGKIM2","2PHONGTHUY","46151.550825463"
"IA600420","Vòng Ngọc khối a","TTM","Đá Phong Thuỷ",,"Còn tồn","0","0","0","0","0","0","6000","3500","Phần Mềm Vàng","2HOANGKIM2","2PHONGTHUY","46192.7843233796"
"IA600421","Nhẫn Ngọc","TTM","Đá Phong Thuỷ",,"Còn tồn","0","0","0","0","0","0","999","380","Phần Mềm Vàng","2HOANGKIM2","2PHONGTHUY","46192.7843229514"
"IA600422","Nhẫn Ngọc","TTM","Đá Phong Thuỷ",,"Còn tồn","0","0","0","0","0","0","999","380","Phần Mềm Vàng","2HOANGKIM2","2PHONGTHUY","46192.7843261574"
"IA600423","Nhẫn Ngọc","TTM","Đá Phong Thuỷ",,"Còn tồn","0","0","0","0","0","0","999","380","Phần Mềm Vàng","2HOANGKIM2","2PHONGTHUY","46192.7843249653"
"IA600424","Nhẫn Ngọc","TTM","Đá Phong Thuỷ",,"Còn tồn","0","0","0","0","0","0","999","380","Phần Mềm Vàng","2HOANGKIM2","2PHONGTHUY","46192.784328206"
"IA600425","Nhẫn Ngọc","TTM","Đá Phong Thuỷ",,"Còn tồn","0","0","0","0","0","0","999","380","Phần Mềm Vàng","2HOANGKIM2","2PHONGTHUY","46192.7843237269"
"IA600426","ĐIếu thạch anh tóc","TTM","Đá Phong Thuỷ",,"Còn tồn","0","0","0","0","0","0","940","540","Phần Mềm Vàng","2HOANGKIM2","2PHONGTHUY","46192.7843269329"
"IA600427","hồ thạch anh tóc","TTM","Đá Phong Thuỷ",,"Còn tồn","0","0","0","0","0","0","1000","600","Phần Mềm Vàng","2HOANGKIM2","2PHONGTHUY","46192.7843273148"
"IA600428","Mặt 10k","TTM","Đá Phong Thuỷ",,"Còn tồn","0","0","0","0","0","0","1000","600","Phần Mềm Vàng","2HOANGKIM2","2PHONGTHUY","46218.390884456"
"IA600429","Nhẫn Tròn K2","TTM","Đá Phong Thuỷ",,"Còn tồn","0","0","0","0","0","0","266","130","Phần Mềm Vàng","2HOANGKIM2","2PHONGTHUY","46236.7637609143"
"IA600430","Nhẫn Tròn K2","TTM","Đá Phong Thuỷ",,"Còn tồn","0","0","0","0","0","0","266","130","Phần Mềm Vàng","2HOANGKIM2","2PHONGTHUY","46236.7637643866"
"IA600431","Nhẫn Tròn K2","TTM","Đá Phong Thuỷ",,"Còn tồn","0","0","0","0","0","0","266","130","Phần Mềm Vàng","2HOANGKIM2","2PHONGTHUY","46236.7637623843"
"IA600433","Nhẫn Tròn K2","TTM","Đá Phong Thuỷ",,"Còn tồn","0","0","0","0","0","0","266","130","Phần Mềm Vàng","2HOANGKIM2","2PHONGTHUY","46236.7637635417"
"IE600001","Lắc Bi 14N2","TTM","Vàng 14K",,"Còn tồn","2.014","0","2.014","0","300","0","0","12084","Phần Mềm Vàng","2HOANGKIM2","2VANG14K","46031.761943669"
"IE600002","Nhẫn 14N2","TTM","Vàng 14K",,"Còn tồn","0.902","0.17","0.732","0","350","0","0","4392","Phần Mềm Vàng","2HOANGKIM2","2VANG14K","46034.774152662"
